molecular_mass,mlogp,tpsa,n_rotatable,n_h_acceptors,n_h_donors,amide,carboxylic_acid,ester,ether,ketone,primary_amine,secondary_amine,tertiary_amine,benzene
318.4334,0.04430000000000389,80.23,14,8,4,0,0,0,1,0,0,2,1,0
570.6426,1.1707000000000038,138.71,12,10,7,0,0,0,1,0,0,3,1,0
499.61569999999995,0.6575000000000071,87.3,17,9,5,0,0,0,1,0,0,4,3,0
486.5914,1.4570000000000043,84.06,10,9,5,0,0,0,1,0,0,4,2,0
584.0981,1.4514000000000056,87.29999999999998,12,9,5,0,0,0,1,0,0,4,3,0
406.41909999999996,-0.565299999999995,112.03999999999999,5,8,5,0,0,0,1,0,2,2,1,0
540.0083,0.5340000000000059,145.34,16,11,9,0,0,0,1,0,0,6,0,0
469.94249999999994,1.8867000000000018,80.82,10,7,5,0,0,0,1,0,0,4,1,0
391.4249,1.6170000000000022,73.01,4,7,3,0,0,0,4,0,0,3,0,0
428.4408,-0.3064999999999942,86.27,6,8,5,0,0,0,0,0,0,3,2,0
560.6456,2.532900000000004,84.05999999999999,9,8,5,0,0,0,1,0,0,4,2,0
373.43049999999994,-0.8704999999999958,129.04,15,8,8,0,0,0,0,0,0,4,0,0
367.8714,0.7550000000000023,79.98,9,6,3,0,0,0,2,0,1,1,1,0
729.9020999999999,3.389600000000006,149.55,10,12,3,0,0,0,9,0,1,0,0,0
434.4687,1.3965000000000007,91.22999999999999,6,7,5,0,0,0,0,0,0,2,2,0
380.35659999999996,-0.046399999999996,83.62,3,7,6,0,0,0,0,0,0,5,0,0
582.9648000000001,1.2459000000000018,129.28,10,9,7,0,0,0,0,0,1,3,2,0
606.7702999999999,9.1597,60.69,17,3,4,0,0,0,0,0,0,0,0,0
293.3721,1.313500000000003,79.34,10,5,4,0,0,0,0,0,2,2,0,0
285.3089,1.2100000000000024,79.34,5,5,4,0,0,0,0,0,2,2,0,0
111.1471,-1.145899999999999,50.08,3,3,3,0,0,0,0,0,1,2,0,0
312.375,-1.2921999999999945,88.82,7,7,5,0,0,0,0,0,1,3,2,0
1202.6238999999998,1.2027999999999914,313.56,41,23,16,0,0,0,0,0,0,4,7,0
285.3411,1.0060000000000002,52.93000000000001,3,4,2,0,0,0,1,0,0,0,1,0
454.44479999999993,-4.8687999999999985,216.57999999999996,15,13,12,0,0,0,0,0,2,5,1,0
259.26370000000003,-1.2471999999999988,101.98,2,6,5,0,0,0,0,0,1,1,1,0
287.3569,2.0392,61.72,7,4,3,0,0,0,1,0,0,1,0,0
255.2717,1.0911999999999993,63.93000000000001,4,4,3,0,0,0,0,0,0,0,1,0
241.2885,2.2702,52.489999999999995,6,3,3,0,0,0,0,0,0,1,0,0
381.37059999999997,4.258000000000003,81.75,5,5,4,0,0,0,0,0,1,1,0,0
314.3536,4.086900000000003,69.92,4,4,3,0,0,0,1,0,0,0,0,0
314.3576,3.6579000000000015,87.74000000000001,5,5,4,0,0,0,0,0,1,1,0,0
358.83849999999995,3.899200000000002,64.52,5,4,4,0,0,0,0,0,0,2,0,0
308.37899999999996,3.627600000000003,46.94,6,4,2,0,0,0,0,0,0,0,0,0
477.04169999999993,6.028000000000007,46.94,11,4,2,0,0,0,0,0,0,0,2,0
557.8343,5.549500000000008,62.160000000000004,11,5,2,0,0,0,2,0,0,0,1,0
602.8988,3.217100000000006,65.4,14,6,2,0,0,0,2,0,0,0,2,0
1035.2302,4.7070000000000185,169.67999999999998,43,16,2,0,0,0,14,0,0,0,0,0
529.7806999999999,4.423300000000005,62.16,11,5,2,0,0,0,2,0,0,0,1,0
1029.27,7.017600000000019,151.22,43,14,2,0,0,0,12,0,0,0,0,0
929.1537999999999,6.597500000000015,132.76000000000002,36,12,2,0,0,0,10,0,0,0,0,0
260.3316,0.3345000000000005,96.97000000000001,15,6,4,0,0,0,2,0,1,1,0,0
213.65979999999996,1.0596999999999999,66.48,6,3,3,0,0,0,0,0,1,0,0,0
275.3929,5.351000000000006,3.24,6,1,0,0,0,0,0,0,0,0,1,0
314.25600000000003,-0.8226999999999973,120.69000000000001,5,9,6,0,0,0,1,0,0,2,0,0
239.7412,2.921500000000001,32.26,4,2,2,0,0,0,0,0,0,1,0,0
399.4405,1.5500000000000007,89.41000000000001,11,7,3,0,0,0,4,0,0,1,0,0
168.03580000000002,2.0835,9.23,2,1,0,0,0,0,1,0,0,0,0,0
242.3352,0.8619999999999999,64.52,7,5,5,0,0,0,0,0,0,2,0,0
416.5228,0.6681000000000039,86.71000000000001,13,9,4,0,0,0,1,0,0,2,2,0
236.313,1.1806999999999994,58.72,10,4,2,0,0,0,1,0,1,0,1,0
288.4322,3.373700000000002,35.5,9,3,2,0,0,0,0,0,0,1,1,0
315.3669,0.7749999999999992,62.16000000000001,4,5,2,0,0,0,2,0,0,0,1,0
339.4761,5.218600000000006,32.7,13,3,1,0,0,0,1,0,0,0,1,0
285.4283,3.930100000000003,23.47,8,2,1,0,0,0,0,0,0,0,1,0
314.48839999999996,3.4741000000000026,15.27,6,3,1,0,0,0,0,0,0,1,1,0
494.0002,3.719200000000001,126.24000000000001,12,8,7,0,0,0,1,0,0,3,0,0
263.3785,2.674500000000001,32.7,8,3,1,0,0,0,1,0,0,0,1,0
335.46349999999995,2.6075999999999997,67.76,7,5,4,0,0,0,0,0,0,2,1,0
269.3501,0.2672000000000029,42.57,7,5,3,0,0,0,0,0,0,3,1,0
335.46349999999995,2.7038,58.970000000000006,8,5,3,0,0,0,0,0,0,1,1,0
246.26460000000003,0.41079999999999933,75.96,4,5,4,0,0,0,0,0,0,1,1,0
252.27179999999998,1.6728999999999987,64.52,2,4,4,0,0,0,0,0,0,2,0,0
141.1689,0.03280000000000011,52.489999999999995,3,3,3,0,0,0,0,0,0,1,0,0
236.2728,2.4344,49.49,2,3,2,0,0,0,0,0,1,0,1,0
238.19619999999998,-0.5668,73.55,4,5,4,0,0,0,0,0,1,2,0,0
144.2124,1.5134999999999998,40.46,8,2,2,0,0,0,0,0,0,0,0,0
356.438,2.4195000000000007,73.75,8,6,4,0,0,0,1,0,0,2,0,0
375.54249999999996,3.6887000000000025,43.7,10,5,2,0,0,0,0,0,0,0,1,0
256.0893,-0.40559999999999974,88.13,3,5,5,0,0,0,0,0,2,3,0,0
339.3569,0.9404000000000012,121.86000000000001,8,9,3,0,0,0,5,0,1,0,0,0
311.46610000000004,4.610000000000005,23.47,6,2,1,0,0,0,0,0,0,0,1,0
197.1889,-1.4636000000000007,106.94000000000001,7,5,5,0,0,0,0,0,1,0,0,0
151.2513,1.9139,26.02,1,1,1,0,0,0,0,0,1,0,0,0
654.602,1.8200000000000025,123.93,12,10,6,0,0,0,1,0,0,2,3,0
187.2843,3.6871000000000027,3.24,8,1,0,0,0,0,0,0,0,0,1,0
305.28850000000006,-0.8075999999999961,133.65,12,8,6,0,0,0,0,0,1,0,1,0
318.8611,3.8266000000000027,6.48,6,3,0,0,0,0,0,0,0,0,2,0
444.5145,3.0638000000000014,90.15,10,6,4,0,0,0,1,0,0,0,0,0
437.5214,3.4460000000000015,29.950000000000003,7,5,1,0,0,0,0,0,0,0,3,0
370.5704,4.873500000000005,6.48,6,4,0,0,0,0,0,0,0,0,2,0
386.56940000000003,4.614500000000005,26.71,6,4,2,0,0,0,0,0,0,0,2,0
375.86569999999995,4.280300000000004,43.7,7,3,2,0,0,0,0,0,0,0,1,0
443.6211,4.700300000000003,50.18,9,6,2,0,0,0,0,0,0,0,2,0
327.8102,2.2670000000000003,27.74,2,4,1,0,0,0,1,0,0,1,2,0
312.433,1.5316000000000005,30.54,3,5,2,0,0,0,0,0,0,2,2,0
383.5075,2.1454000000000004,47.970000000000006,7,6,2,0,0,0,1,0,0,1,2,0
410.4903,2.237,60.0,5,6,3,0,0,0,0,0,0,2,2,0
448.3853,3.4072000000000022,47.97,7,5,2,0,0,0,1,0,0,1,2,0
315.4145,0.38490000000000185,95.74,6,5,4,0,0,0,0,0,2,0,1,0
427.4108,2.747300000000001,41.980000000000004,9,5,2,0,0,0,0,0,0,1,3,0
284.7417,2.5648,35.5,2,3,2,0,0,0,0,0,0,1,1,0
286.71389999999997,1.5409999999999995,64.52,2,4,4,0,0,0,0,0,0,2,0,0
300.7407,2.1218999999999992,46.940000000000005,2,4,2,0,0,0,0,0,0,0,2,0
321.156,1.7582999999999998,64.52,2,4,4,0,0,0,0,0,0,2,0,0
374.9063,3.3594000000000017,35.940000000000005,9,4,1,0,0,0,1,0,0,0,2,0
218.2512,-0.7047999999999985,110.96000000000001,12,6,4,0,0,0,2,0,2,0,0,0
226.2742,-0.07550000000000029,84.75,7,5,5,0,0,0,0,0,0,2,0,0
232.2378,0.06859999999999955,84.75,3,5,5,0,0,0,0,0,0,2,0,0
262.3072,1.0468999999999995,75.96,10,5,4,0,0,0,0,0,0,1,1,0
161.1995,-1.2457,60.69,8,3,3,0,0,0,0,0,0,0,0,0
218.2546,0.7501999999999998,64.52,3,4,4,0,0,0,0,0,0,2,0,0
226.2742,-0.07550000000000029,84.75,7,5,5,0,0,0,0,0,0,2,0,0
403.9664,2.874900000000001,29.950000000000003,7,5,1,0,0,0,0,0,0,0,3,0
313.28679999999997,1.3543999999999994,79.2,3,6,4,0,0,0,0,0,0,1,1,0
343.2098,2.6138000000000012,39.33,2,4,3,0,0,0,0,0,0,3,1,0
300.7407,1.8831999999999993,55.730000000000004,3,4,3,0,0,0,0,0,0,1,1,0
325.76969999999994,2.8824000000000014,27.299999999999997,2,3,2,0,0,0,0,0,0,2,1,0
308.4028,2.4811999999999994,38.74,8,4,2,0,0,0,0,0,0,1,2,0
305.33950000000004,0.2885000000000037,76.79,7,6,4,0,0,0,0,0,1,2,1,0
303.35589999999996,1.1225999999999992,65.46000000000001,7,5,2,0,0,0,2,0,0,0,1,0
252.33839999999998,-1.774599999999996,86.17,11,7,6,0,0,0,0,0,1,5,0,0
308.3314,2.8383000000000016,69.92,6,4,3,0,0,0,1,0,0,0,0,0
266.38579999999996,3.809300000000003,15.27,5,2,1,0,0,0,0,0,0,1,1,0
280.4126,4.151500000000003,6.48,6,2,0,0,0,0,0,0,0,0,2,0
314.8547,4.368800000000004,6.48,6,2,0,0,0,0,0,0,0,0,2,0
277.40869999999995,5.351000000000006,3.24,6,1,0,0,0,0,0,0,0,0,1,0
263.3819,5.008800000000005,12.03,5,1,1,0,0,0,0,0,0,1,0,0
279.3809,4.339800000000004,12.47,6,2,0,0,0,0,1,0,0,0,1,0
277.40869999999995,5.008800000000005,12.03,5,1,1,0,0,0,0,0,0,1,0,0
329.36899999999997,3.051000000000002,39.72,4,4,1,0,0,0,3,0,0,1,0,0
306.2283,4.805700000000004,12.03,3,1,1,0,0,0,0,0,0,1,0,0
231.25369999999998,0.6612999999999997,65.55,6,5,4,0,0,0,0,0,0,3,0,0
180.1582,0.21079999999999993,69.92,5,4,3,0,0,0,1,0,0,0,0,0
136.1968,1.4200999999999995,38.05,4,2,2,0,0,0,0,0,1,1,0,0
264.37,3.3713000000000024,6.48,1,2,0,0,0,0,0,0,0,0,2,0
371.86679999999996,1.4522000000000006,45.22,5,6,2,0,0,0,0,0,0,1,3,0
470.0107999999999,3.0276000000000023,54.45,11,7,2,0,0,0,1,0,0,1,3,0
265.3581,2.1381999999999994,18.509999999999998,1,3,1,0,0,0,0,0,0,1,2,0
436.94849999999997,4.151700000000003,96.19000000000001,10,6,5,0,0,0,0,0,0,1,0,0
277.4053,3.0646000000000013,32.7,9,3,1,0,0,0,1,0,0,0,1,0
263.3785,2.4105,43.7,8,3,2,0,0,0,0,0,0,0,1,0
298.44579999999996,3.7607000000000026,15.27,5,3,1,0,0,0,0,0,0,1,1,0
135.2087,2.3040000000000003,26.02,4,1,1,0,0,0,0,0,1,0,0,0
435.87719999999996,0.29340000000000066,97.66000000000001,6,9,4,0,0,0,2,0,0,1,2,0
233.3091,2.2897999999999996,41.49,5,3,2,0,0,0,1,0,0,1,0,0
176.17419999999998,0.11579999999999924,67.51,2,4,3,0,0,0,1,0,1,1,0,0
255.35889999999998,4.140100000000004,21.259999999999998,8,2,1,0,0,0,1,0,0,1,0,0
309.3292,4.6825000000000045,21.259999999999998,7,2,1,0,0,0,1,0,0,1,0,0
250.3398,1.7394999999999998,35.940000000000005,11,4,1,0,0,0,1,0,0,0,2,0
287.3569,1.6616999999999997,41.93000000000001,4,4,1,0,0,0,2,0,0,0,1,0
379.49710000000005,4.105800000000004,41.93000000000001,8,4,1,0,0,0,2,0,0,0,1,0
179.3049,2.6941000000000006,26.02,3,1,1,0,0,0,0,0,1,0,0,0
223.29410000000001,0.8578999999999999,32.7,9,3,1,0,0,0,1,0,0,0,1,0
162.2346,1.0801999999999998,15.27,2,2,1,0,0,0,0,0,0,1,1,0
548.056,-1.8201999999999927,147.55,13,12,9,0,0,0,0,0,0,5,2,0
211.26670000000001,0.1819000000000009,36.089999999999996,0,3,3,0,0,0,0,0,0,3,0,0
467.6458999999999,3.9977000000000036,62.160000000000004,8,5,2,0,0,0,2,0,0,0,1,0
234.1945,1.3912,47.28,2,4,2,0,0,0,1,0,1,1,0,0
378.3144,3.3770000000000016,44.29,3,3,3,0,0,0,0,0,0,2,0,0
284.3496,2.1867,57.150000000000006,4,5,1,0,0,0,2,0,0,0,0,0
260.2518,-0.25609999999999844,91.23,6,7,5,0,0,0,0,0,0,2,1,0
182.16879999999998,-1.0013999999999998,92.5,8,4,4,0,0,0,0,0,2,0,0,0
239.3129,0.5049000000000001,72.72,7,4,4,0,0,0,0,0,0,1,0,0
194.19299999999998,-2.3548999999999967,62.21000000000001,3,6,3,0,0,0,0,0,0,1,3,0
299.36789999999996,1.6601,41.93,3,4,1,0,0,0,2,0,0,0,1,0
182.1706,-3.5854000000000004,121.38000000000001,11,6,6,0,0,0,0,0,0,0,0,0
270.3738,3.045700000000001,24.5,9,3,1,0,0,0,1,0,0,1,1,0
274.7901,3.4940000000000024,15.27,7,2,1,0,0,0,0,0,0,1,1,0
388.8895,2.6778000000000004,56.17,9,5,2,0,0,0,1,0,0,0,2,0
471.68089999999995,7.583700000000011,43.7,10,3,2,0,0,0,0,0,0,0,1,0
348.44359999999995,3.516400000000002,55.730000000000004,10,4,3,0,0,0,0,0,0,1,1,0
501.6631,5.8745000000000065,84.16,15,5,4,0,0,0,0,0,0,0,1,0
296.14590000000004,2.602900000000001,52.49,5,3,3,0,0,0,0,0,0,1,0,0
357.78839999999997,2.3072,73.16,8,5,3,0,0,0,1,0,0,0,1,0
230.0911,0.8196999999999997,36.089999999999996,2,3,3,0,0,0,0,0,0,3,0,0
275.3499,0.6488999999999998,47.97,7,5,2,0,0,0,1,0,0,1,2,0
780.9426,2.089800000000002,206.21999999999997,18,14,7,0,0,0,7,0,0,0,0,0
292.3766,0.9910999999999999,73.75,6,5,4,0,0,0,1,0,0,2,0,0
452.53459999999995,5.193100000000006,79.15,19,5,3,0,0,0,2,0,0,0,0,0
337.4167,3.266700000000002,52.93000000000001,9,4,2,0,0,0,1,0,0,0,1,0
303.35589999999996,1.7177999999999993,62.16000000000001,7,5,2,0,0,0,2,0,0,0,1,0
234.3408,2.0608999999999993,35.5,10,3,2,0,0,0,0,0,0,1,1,0
332.3098,1.9695999999999994,79.15,2,5,3,0,0,0,2,0,0,0,0,0
303.2916,-0.28819999999999824,68.2,5,6,3,0,0,0,1,0,0,1,2,0
504.4348,-7.569799999999988,268.67999999999995,20,16,11,0,0,0,5,0,0,0,0,0
789.0848000000001,-2.6938999999999975,189.14,19,11,10,0,0,0,0,0,0,2,1,0
507.1992,4.166200000000003,36.53,7,4,2,0,0,0,1,0,0,2,1,0
324.42159999999996,2.2608999999999995,44.73,7,4,2,0,0,0,1,0,0,1,1,0
290.26959999999997,-0.8414999999999995,110.38000000000001,6,6,5,0,0,0,1,0,0,0,0,0
324.7707,0.9693000000000009,54.6,4,6,4,0,0,0,0,0,0,4,0,0
390.35929999999996,2.954900000000001,75.96,6,5,4,0,0,0,0,0,0,1,1,0
324.2202,1.1455999999999997,56.31999999999999,4,4,4,0,0,0,0,0,0,3,0,0
356.2216,2.6913,70.31,8,4,4,0,0,0,0,0,1,2,0,0
412.5738,6.020800000000007,24.5,8,3,1,0,0,0,1,0,0,1,1,0
408.4613,4.775600000000004,42.52,9,4,2,0,0,0,2,0,0,2,0,0
416.3879,4.589800000000004,42.52,7,4,2,0,0,0,2,0,0,2,0,0
338.492,4.364200000000003,33.29,9,3,2,0,0,0,1,0,0,2,0,0
406.4891,5.644300000000006,33.29,5,3,2,0,0,0,1,0,0,2,0,0
305.7564,1.1123,72.72,4,4,4,0,0,0,0,0,0,1,0,0
352.5188,4.754300000000004,33.29,6,3,2,0,0,0,1,0,0,2,0,0
461.904,1.1057000000000023,97.46000000000001,5,8,4,0,0,0,1,0,1,1,2,0
389.44530000000003,0.7579999999999996,122.41000000000001,8,7,6,0,0,0,1,0,0,1,0,0
320.3596,1.3253000000000008,62.11,4,5,4,0,0,0,0,0,1,3,0,0
321.865,2.609800000000001,18.509999999999998,6,4,2,0,0,0,0,0,0,1,2,0
380.7815,0.10260000000000369,80.03,8,7,4,0,0,0,0,0,1,2,1,0
444.523,2.5324999999999998,93.78,9,6,5,0,0,0,0,0,1,2,1,0
312.367,2.602900000000001,84.75,10,5,5,0,0,0,0,0,0,2,0,0
308.3434,-0.7541999999999949,97.61,9,7,6,0,0,0,0,0,1,4,0,0
388.3779,4.501000000000004,47.28,10,3,2,0,0,0,1,0,1,1,0,0
180.16619999999998,-2.697099999999998,71.0,2,6,4,0,0,0,0,0,0,2,2,0
401.4867,-1.5459999999999918,85.09,5,10,5,0,0,0,2,0,0,5,2,0
413.38229999999993,-0.29799999999999577,126.82,10,8,6,0,0,0,2,0,2,3,0,0
404.45959999999997,3.863100000000004,90.15,12,5,4,0,0,0,1,0,0,0,0,0
474.97829999999993,5.745700000000008,69.92,8,4,3,0,0,0,1,0,0,0,0,0
450.7944,1.1083000000000007,86.61,9,7,5,0,0,0,1,0,1,4,0,0
346.4106,1.0772000000000017,63.39,4,7,5,0,0,0,0,0,0,5,0,0
393.873,1.707200000000002,51.800000000000004,4,6,3,0,0,0,1,0,0,3,2,0
362.39119999999997,-0.8701999999999943,92.85,8,8,6,0,0,0,1,0,0,5,1,0
346.3922,-0.24909999999999544,83.61999999999999,7,7,6,0,0,0,0,0,0,5,1,0
375.47290000000004,4.469800000000004,36.089999999999996,4,3,3,0,0,0,0,0,0,3,0,0
253.2679,-2.1724999999999968,126.17999999999999,4,7,7,0,0,0,0,0,3,4,0,0
449.9762,3.435900000000002,47.97,4,5,2,0,0,0,1,0,0,1,2,0
324.7667,1.3689000000000002,59.56,3,5,4,0,0,0,0,0,0,3,1,0
549.5114000000001,6.270900000000007,50.77,10,6,3,0,0,0,0,0,0,2,0,0
579.5372,5.895800000000007,60.00000000000001,12,7,3,0,0,0,1,0,0,2,0,0
585.4916000000001,6.166900000000007,50.77,10,6,3,0,0,0,0,0,0,2,0,0
307.3657,3.1492000000000013,55.480000000000004,3,4,2,0,0,0,1,0,1,0,0,0
322.3766,3.4304000000000023,49.69,4,4,2,0,0,0,1,0,0,0,0,0
405.4384999999999,2.6694000000000004,70.95,8,5,3,0,0,0,2,0,0,1,0,0
379.8968,3.9293000000000036,61.72,8,5,3,0,0,0,1,0,0,1,0,0
373.4221,-0.554599999999994,81.9,5,9,6,0,0,0,0,0,0,6,2,0
345.4151,1.1321000000000019,74.78,9,6,5,0,0,0,2,0,0,3,0,0
272.36100000000005,1.7890999999999992,84.75,10,5,5,0,0,0,0,0,0,2,0,0
393.8334,0.2854000000000042,75.86,4,8,5,0,0,0,0,0,0,5,2,0
120.19379999999998,3.0786000000000016,0.0,3,0,0,0,0,0,0,0,0,0,0,0
126.24119999999999,3.0786000000000016,0.0,3,0,0,0,0,0,0,0,0,0,0,0
484.3546,2.2205999999999992,80.23,6,7,4,0,0,0,1,0,0,2,1,0
620.7367999999999,4.155600000000004,111.46000000000001,19,8,6,0,0,0,0,0,0,2,2,0
606.7099999999999,4.113100000000004,111.46000000000001,19,8,6,0,0,0,0,0,0,2,2,0
386.2255,1.3703000000000005,60.15,7,5,5,0,0,0,0,0,0,5,0,0
368.23539999999997,1.4207000000000003,60.15,7,5,5,0,0,0,0,0,0,5,0,0
382.41779999999994,0.9581000000000017,107.04,12,8,6,0,0,0,2,0,0,4,0,0
410.47139999999996,1.7383000000000013,107.04,14,8,6,0,0,0,2,0,0,4,0,0
266.3388,0.6010000000000002,73.75,12,5,4,0,0,0,1,0,0,2,0,0
299.3869,1.2306000000000021,90.98,7,6,4,0,0,0,1,0,1,1,1,0
489.0722,4.0866000000000025,50.769999999999996,15,5,3,0,0,0,0,0,0,2,2,0
454.6542,6.902900000000008,24.5,11,3,1,0,0,0,1,0,0,1,1,0
56.1072,1.8064,0.0,3,0,0,0,0,0,0,0,0,0,0,0
397.3832999999999,0.7396000000000018,100.61,5,7,7,0,0,0,0,0,0,5,0,0
98.1876,2.976700000000002,0.0,6,0,0,0,0,0,0,0,0,0,0,0
84.1608,2.5866000000000007,0.0,5,0,0,0,0,0,0,0,0,0,0,0
126.11439999999999,-1.7939,64.52,3,4,4,0,0,0,0,0,0,2,0,0
521.4147,5.084400000000004,59.56,8,5,4,0,0,0,0,0,0,3,0,0
576.4942,5.117800000000005,62.800000000000004,7,6,4,0,0,0,0,0,0,3,1,0
363.4987,1.8510000000000002,85.78,10,6,5,0,0,0,1,0,0,3,0,0
429.5759,4.0763000000000025,76.99000000000001,9,6,4,0,0,0,1,0,0,2,0,0
517.6845000000001,5.836400000000005,68.2,10,6,3,0,0,0,1,0,0,1,1,0
563.5382,6.661000000000008,50.77,11,6,3,0,0,0,0,0,0,2,0,0
577.565,7.051100000000008,50.77,12,6,3,0,0,0,0,0,0,2,0,0
567.5015000000001,6.218900000000008,50.77,10,6,3,0,0,0,0,0,0,2,0,0
603.4817,6.1149000000000076,50.77,10,6,3,0,0,0,0,0,0,2,0,0
393.87999999999994,4.467500000000003,92.95,7,5,5,0,0,0,0,0,0,1,0,0
112.2144,3.3668000000000022,0.0,7,0,0,0,0,0,0,0,0,0,0,0
341.76869999999997,1.8547999999999996,47.53,3,4,3,0,0,0,0,0,0,2,1,0
70.13399999999999,2.1965000000000003,0.0,4,0,0,0,0,0,0,0,0,0,0,0
265.3507,2.0996999999999995,50.72,13,4,2,0,0,0,2,0,0,1,0,0
328.34529999999995,-0.4323999999999977,62.21000000000001,4,6,3,0,0,0,0,0,0,1,3,0
400.9045,1.3158000000000016,62.21000000000001,7,6,3,0,0,0,0,0,0,1,3,0
384.4525,1.0465000000000018,62.21000000000001,7,6,3,0,0,0,0,0,0,1,3,0
400.9045,1.3158000000000016,62.21000000000001,7,6,3,0,0,0,0,0,0,1,3,0
366.4624,0.750900000000003,62.21000000000001,7,6,3,0,0,0,0,0,0,1,3,0
397.4683,0.8980999999999992,93.39,8,6,4,0,0,0,1,0,0,0,1,0
387.5207,1.6958000000000009,68.2,9,6,3,0,0,0,1,0,0,1,2,0
379.46149999999994,0.702500000000004,89.61,11,7,6,0,0,0,1,0,0,5,0,0
423.8632,-2.259899999999993,97.21,5,8,6,0,0,0,0,0,0,5,2,0
556.4883,4.583500000000002,71.59,6,6,5,0,0,0,0,0,0,4,1,0
309.4033,1.0524999999999993,81.95,8,5,4,0,0,0,1,0,0,1,0,0
486.4519,0.3791000000000058,135.85999999999999,10,9,8,0,0,0,1,0,1,5,0,0
519.485,1.1388000000000043,127.66,8,9,8,0,0,0,1,0,1,6,0,0
414.3457,-0.022699999999996168,129.62,5,8,7,0,0,0,1,0,2,4,0,0
473.41319999999996,-1.1835999999999927,136.89,9,10,8,0,0,0,2,0,1,6,0,0
485.4241999999999,-0.6934999999999927,136.89000000000001,6,10,8,0,0,0,2,0,1,6,0,0
528.4927,-1.4977999999999925,140.13,8,11,8,0,0,0,2,0,1,6,1,0
385.4687,2.3058000000000005,54.01,4,6,3,0,0,0,0,0,0,2,1,0
122.1603,-0.10990000000000028,52.04,5,3,2,0,0,0,0,0,2,0,0,0
360.415,1.9824999999999997,71.0,7,6,4,0,0,0,0,0,0,2,0,0
502.87520000000006,2.874500000000001,86.81,8,7,5,0,0,0,2,0,0,4,0,0
248.324,0.8924999999999996,53.519999999999996,9,4,3,0,0,0,1,0,0,2,0,0
156.2062,-1.214499999999999,76.1,5,5,4,0,0,0,0,0,2,2,0,0
218.277,0.34589999999999943,76.1,5,5,4,0,0,0,0,0,2,2,0,0
373.188,1.5845999999999991,62.75,2,5,3,0,0,0,2,0,0,2,0,0
404.4636,2.5039000000000002,88.18,11,6,3,0,0,0,2,0,1,0,1,0
269.25890000000004,-0.08459999999999923,87.99000000000001,3,6,5,0,0,0,0,0,0,2,0,0
472.53249999999997,1.692000000000002,102.67,6,8,5,0,0,0,0,0,0,1,3,0
379.5011,2.874800000000001,56.760000000000005,7,5,3,0,0,0,1,0,0,2,1,0
243.30429999999998,1.9225999999999996,52.489999999999995,6,3,3,0,0,0,0,0,0,1,0,0
394.52,0.24650000000000488,88.82000000000001,10,7,5,0,0,0,0,0,1,3,2,0
507.02790000000005,2.2497000000000025,62.650000000000006,6,7,2,0,0,0,1,0,0,0,4,0
266.3388,0.5879000000000003,87.74,12,5,4,0,0,0,1,0,1,1,0,0
451.9484,2.5639000000000003,59.41,7,6,2,0,0,0,1,0,0,0,3,0
785.0178,2.2273000000000014,218.98999999999998,28,13,9,0,0,0,4,0,0,0,0,0
224.26579999999998,0.6482000000000003,53.32,3,4,3,0,0,0,0,0,1,2,1,0
392.3813999999999,-2.947399999999994,134.39000000000001,8,12,9,0,0,0,0,0,0,7,2,0
226.1199,-2.5240000000000005,141.61,10,7,7,0,0,0,0,0,0,0,0,0
424.49420000000003,1.882700000000001,94.42000000000002,16,7,4,0,0,0,2,0,0,1,1,0
448.4386999999999,3.325000000000001,63.19000000000001,13,6,2,0,0,0,3,0,0,1,1,0
323.3979,-0.48659999999999587,71.59,5,6,5,0,0,0,0,0,0,4,1,0
337.42470000000003,-0.24059999999999587,71.59,6,6,5,0,0,0,0,0,0,4,1,0
488.58299999999997,2.7116000000000033,63.39,6,6,5,0,0,0,0,0,0,5,1,0
267.3665,1.9571999999999996,50.72,13,4,2,0,0,0,2,0,0,1,0,0
394.49080000000004,0.8464000000000023,62.21000000000001,7,7,3,0,0,0,0,0,0,1,3,0
423.85919999999993,-0.007699999999995377,96.09,5,9,6,0,0,0,0,0,0,5,2,0
406.87609999999995,0.3431000000000038,69.87,5,8,5,0,0,0,0,0,0,5,2,0
379.5195,3.370700000000001,45.32,7,5,3,0,0,0,1,0,0,3,0,0
374.4964,3.841000000000002,73.75,8,5,4,0,0,0,1,0,0,2,0,0
390.5280000000001,3.4479000000000015,48.56,9,5,3,0,0,0,1,0,0,3,0,0
344.365,-0.3590999999999999,139.20000000000002,12,7,7,0,0,0,0,0,1,1,0,0
380.53679999999997,2.1006000000000036,45.81,14,6,3,0,0,0,0,0,0,3,2,0
472.42509999999993,0.25460000000000466,124.86,9,9,7,0,0,0,2,0,1,5,0,0
399.3308,0.6925000000000024,103.60000000000001,4,7,6,0,0,0,1,0,1,4,0,0
259.34689999999995,2.7208000000000006,41.489999999999995,9,3,2,0,0,0,1,0,0,1,0,0
393.90239999999994,3.948500000000002,76.55,7,6,5,0,0,0,0,0,0,3,0,0
293.74539999999996,1.8664,61.72,6,4,3,0,0,0,1,0,0,1,0,0
304.30039999999997,0.7079999999999997,105.42000000000002,7,7,5,0,0,0,1,0,0,1,0,0
394.8175,0.34520000000000356,84.06,7,8,5,0,0,0,0,0,0,4,2,0
296.4116,3.4821000000000017,33.29,6,3,2,0,0,0,1,0,0,2,0,0
420.51020000000005,1.631900000000001,91.23,9,7,5,0,0,0,0,0,0,2,1,0
421.4943,1.615100000000001,97.22000000000001,9,7,5,0,0,0,1,0,0,2,1,0
336.4366,0.8500000000000024,59.56,6,5,4,0,0,0,0,0,0,3,1,0
390.40690000000006,1.3924000000000005,59.56,5,5,4,0,0,0,0,0,0,3,1,0
336.4366,0.9462000000000027,50.77,6,5,3,0,0,0,0,0,0,2,2,0
418.4434,1.5792000000000017,123.88000000000001,15,9,5,0,0,0,3,0,0,1,0,0
415.4905,2.6495000000000006,74.78,11,6,4,0,0,0,2,0,0,3,0,0
425.83539999999994,-1.6083999999999952,134.14,9,11,8,0,0,0,1,0,1,6,1,0
368.4346,-0.39379999999999526,78.02,8,7,4,0,0,0,2,0,0,3,1,0
455.55109999999996,4.193700000000004,81.95,9,5,4,0,0,0,1,0,0,1,0,0
324.35329999999993,2.199499999999999,64.52,6,4,4,0,0,0,0,0,0,2,0,0
386.4247,-1.1561999999999966,119.21000000000001,7,7,5,0,0,0,0,0,2,0,2,0
376.27909999999997,2.8097000000000003,56.31999999999999,7,4,4,0,0,0,0,0,0,3,0,0
407.8642,-0.5423999999999947,81.9,5,9,6,0,0,0,0,0,0,6,2,0
406.87609999999995,0.3431000000000038,69.87,5,8,5,0,0,0,0,0,0,5,2,0
492.95349999999996,1.0509999999999997,105.42,6,7,5,0,0,0,1,0,0,1,1,0
369.3596,2.193699999999999,65.55,6,5,5,0,0,0,1,0,0,3,0,0
454.6072,4.349800000000003,66.18,21,6,1,0,0,0,4,0,1,0,1,0
458.5114,0.8337000000000012,105.42,6,7,5,0,0,0,1,0,0,1,1,0
312.4542,3.781200000000003,15.71,7,3,0,0,0,0,1,0,0,0,2,0
437.89,-1.869799999999993,97.21,5,8,6,0,0,0,0,0,0,5,2,0
195.1731,-1.2454000000000005,92.95,6,5,5,0,0,0,0,0,0,1,0,0
413.1098,2.977900000000001,67.76,6,5,4,0,0,0,0,0,0,2,0,0
499.3684,5.230400000000005,44.730000000000004,9,4,2,0,0,0,1,0,0,1,1,0
206.2189,1.5265,26.71,3,3,1,0,0,0,0,0,0,0,0,0
415.46009999999995,1.479400000000002,83.37,7,7,5,0,0,0,0,0,1,4,0,0
478.62919999999997,4.340800000000003,54.40000000000001,14,6,1,0,0,0,3,0,0,0,2,0
375.4339,-1.3098999999999936,78.07000000000001,4,8,5,0,0,0,0,0,0,4,2,0
459.5546,3.255000000000001,102.18,20,6,5,0,0,0,1,0,0,1,0,0
389.4607,-0.9676999999999929,69.28,5,8,4,0,0,0,0,0,0,3,3,0
401.4637,1.9733000000000005,93.19,7,6,4,0,0,0,0,0,1,0,2,0
402.4518,0.5351000000000027,105.22,7,7,5,0,0,0,0,0,1,1,2,0
104.10419999999999,-0.9304000000000001,60.69,5,3,3,0,0,0,0,0,0,0,0,0
341.76869999999997,2.200799999999999,47.53,3,4,3,0,0,0,0,0,0,2,1,0
516.6356000000001,0.8774000000000044,84.06,8,10,5,0,0,0,1,0,0,4,2,0
474.6166,2.766600000000002,129.04,15,8,8,0,0,0,0,0,0,4,0,0
519.4413999999999,-0.42139999999999356,147.89000000000001,7,10,9,0,0,0,1,0,1,6,0,0
595.4586999999999,6.6985000000000054,79.79,6,6,5,0,0,0,0,0,0,3,0,0
302.2691,1.3864999999999996,64.52,5,5,4,0,0,0,0,0,0,2,0,0
242.6975,2.6865000000000006,38.69,8,3,1,0,0,0,2,0,0,0,0,0
399.4232,3.3234000000000012,65.55,7,5,4,0,0,0,1,0,0,3,0,0
547.8051,6.282600000000007,53.519999999999996,9,4,3,0,0,0,1,0,0,2,0,0
423.8632,-1.2239999999999953,102.13,5,10,7,0,0,0,0,0,0,6,2,0
237.27190000000002,1.6483999999999999,72.72,4,4,4,0,0,0,0,0,0,1,0,0
368.449,3.9783000000000017,75.96,5,5,4,0,0,0,0,0,0,1,0,0
382.4367,1.2832000000000015,79.79,6,6,5,0,0,0,0,0,0,3,1,0
353.313,3.749600000000002,72.72,3,4,4,0,0,0,0,0,0,1,0,0
393.54630000000003,3.5116000000000014,45.32,7,5,3,0,0,0,1,0,0,3,0,0
395.56210000000004,3.900100000000002,45.32,9,5,3,0,0,0,1,0,0,3,0,0
367.5085,3.121500000000001,45.32,7,5,3,0,0,0,1,0,0,3,0,0
60.055600000000005,-1.8203000000000003,72.27,2,3,3,0,0,0,0,0,2,0,0,0
429.57930000000005,4.681900000000003,45.32,7,5,3,0,0,0,1,0,0,3,0,0
411.8925,3.8965000000000014,76.55,7,6,5,0,0,0,0,0,0,3,0,0
130.0777,-1.8883999999999999,64.52,0,4,4,0,0,0,0,0,0,2,0,0
451.5275,1.6350000000000022,114.6,8,7,7,0,0,0,0,0,1,4,0,0
470.57000000000005,2.0582000000000007,103.01,8,7,5,0,0,0,1,0,1,2,1,0
455.55510000000004,2.6763000000000003,68.2,6,6,3,0,0,0,1,0,0,1,1,0
594.4446999999999,2.8846000000000025,86.86,7,8,6,0,0,0,0,0,0,5,2,0
626.4467,0.7401000000000053,120.14999999999999,9,11,8,0,0,0,1,0,0,7,2,0
610.4695999999999,6.902400000000008,87.99000000000001,6,6,5,0,0,0,0,0,0,2,0,0
418.5926,4.965000000000003,64.96000000000001,12,5,3,0,0,0,1,0,0,1,1,0
323.1248,0.05910000000000004,116.42,9,7,6,0,0,0,0,0,0,1,0,0
171.1551,-2.771199999999999,124.76,8,6,6,0,0,0,0,0,2,1,0,0
205.1683,-1.4505,92.95,4,5,5,0,0,0,0,0,0,1,0,0
368.442,0.5543000000000041,59.8,4,6,3,0,0,0,0,0,1,2,2,0
351.4475,2.4049000000000005,54.550000000000004,7,5,3,0,0,0,2,0,0,3,0,0
292.33639999999997,1.9186999999999994,53.519999999999996,7,4,3,0,0,0,1,0,0,2,0,0
363.7956,3.569300000000003,61.72,4,4,3,0,0,0,1,0,0,1,0,0
271.699,2.2415000000000003,52.489999999999995,2,3,3,0,0,0,0,0,0,1,0,0
296.3147,1.5873000000000002,75.96,3,5,4,0,0,0,0,0,0,1,0,0
312.7667,1.8565999999999996,75.96,3,5,4,0,0,0,0,0,0,1,0,0
414.499,1.2208000000000012,83.42000000000002,12,7,3,0,0,0,3,0,0,1,1,0
364.414,2.1762,128.20000000000002,11,7,6,0,0,0,1,0,1,1,0,0
292.3514,1.8853,75.96,4,5,4,0,0,0,0,0,0,1,0,0
452.90729999999996,4.142200000000003,107.97,7,6,5,0,0,0,1,0,1,1,0,0
642.9158,5.153700000000005,92.65000000000002,15,8,3,0,0,0,4,0,0,1,1,0
617.9056999999999,5.649100000000007,80.62,17,7,2,0,0,0,4,0,0,0,1,0
683.9685,4.731100000000006,98.10000000000001,17,9,3,0,0,0,3,0,0,0,3,0
683.9685,4.729500000000006,98.10000000000001,19,9,3,0,0,0,3,0,0,0,3,0
688.9842,4.900900000000007,104.09,21,9,3,0,0,0,4,0,0,0,2,0
468.5639,5.2942000000000045,21.75,11,4,1,0,0,0,0,0,0,1,3,0
426.4893,1.207800000000002,80.23,6,7,4,0,0,0,0,0,0,2,2,0
565.5753,3.0645000000000007,154.08,13,9,7,0,0,0,1,0,0,0,1,0
474.57699999999994,0.666400000000006,115.73,11,10,6,0,0,0,1,0,0,3,1,0
658.8172,3.6101000000000054,115.29,10,10,7,0,0,0,0,0,0,4,1,0
410.50179999999995,2.837600000000001,73.75,11,5,4,0,0,0,1,0,0,2,0,0
424.5286,3.2277000000000013,73.75,11,5,4,0,0,0,1,0,0,2,0,0
53.0637,0.3551000000000001,26.02,2,1,1,0,0,0,0,0,1,0,0,0
450.9246999999999,0.9612000000000036,84.06,8,8,5,0,0,0,1,0,0,4,1,0
505.2924,2.761000000000001,68.79,6,6,4,0,0,0,1,0,0,3,1,0
484.8644,1.634600000000001,74.83,5,7,5,0,0,0,0,0,0,4,1,0
486.8802,1.4295000000000015,74.83,5,7,5,0,0,0,0,0,0,4,2,0
430.8901,2.752300000000001,60.00000000000001,6,6,3,0,0,0,1,0,0,2,1,0
429.906,2.3253000000000004,62.800000000000004,6,6,4,0,0,0,0,0,0,3,1,0
489.9192,4.036100000000002,96.78,8,6,6,0,0,0,0,0,0,3,0,0
329.2628,3.173800000000001,35.5,7,3,2,0,0,0,0,0,0,1,1,0
182.2216,-0.48270000000000063,64.52,1,4,4,0,0,0,0,0,0,2,0,0
208.2158,-0.32150000000000034,84.75,6,5,5,0,0,0,0,0,0,2,0,0
302.4194,1.1600000000000017,57.35,7,5,4,0,0,0,1,0,0,4,0,0
244.2207,-1.432599999999999,85.19000000000001,4,6,4,0,0,0,1,0,0,1,1,0
411.4928,2.5834000000000015,58.97,5,6,4,0,0,0,0,0,0,1,2,0
488.4781,3.960600000000002,82.98,10,7,4,0,0,0,1,0,0,2,0,0
359.42749999999995,-0.5004999999999963,101.05000000000001,12,8,6,0,0,0,1,0,0,4,0,0
538.4621999999999,-0.1587999999999975,180.29999999999998,9,10,8,0,0,0,2,0,0,0,0,0
137.1373,-0.18540000000000018,66.48,3,3,3,0,0,0,0,0,1,0,0,0
230.2616,2.1646000000000005,49.69,6,3,2,0,0,0,1,0,0,0,0,0
228.1149,2.610800000000001,12.03,1,1,1,0,0,0,0,0,0,1,0,0
784.7561999999999,-3.016999999999981,285.36999999999995,28,19,10,0,0,0,9,0,0,0,0,0
457.4894,5.024100000000005,61.72,7,4,3,0,0,0,1,0,0,1,0,0
357.4117,-3.0313999999999934,107.13,6,6,6,0,0,0,0,0,0,3,0,0
492.5912,1.1014000000000017,102.67,10,9,5,0,0,0,0,0,0,1,3,0
410.4485,3.5541000000000023,96.19000000000001,14,6,5,0,0,0,0,0,0,1,0,0
414.546,5.028900000000004,46.94,10,4,2,0,0,0,0,0,0,0,2,0
382.4252,1.982000000000001,72.62,6,7,5,0,0,0,0,0,0,5,1,0
558.6465000000001,4.479700000000005,116.42000000000002,18,7,6,0,0,0,0,0,0,1,1,0
540.6317,5.525300000000007,85.19000000000001,12,6,4,0,0,0,1,0,0,1,1,0
272.38559999999995,3.360800000000002,40.46,3,2,2,0,0,0,0,0,0,0,0,0
510.6272,3.1811000000000016,94.86000000000001,17,8,3,0,0,0,3,0,0,0,2,0
485.5888999999999,0.31530000000000774,96.08999999999999,16,9,6,0,0,0,1,0,0,5,2,0
395.4318,2.161299999999999,76.99000000000001,6,6,4,0,0,0,1,0,0,2,1,0
459.9036999999999,0.6410000000000038,81.25999999999999,9,8,4,0,0,0,2,0,0,3,2,0
184.1938,-1.1016999999999995,84.75,4,5,5,0,0,0,0,0,0,2,0,0
204.23579999999998,-1.860499999999997,77.38,5,6,5,0,0,0,0,0,1,4,1,0
357.2247,0.5931000000000017,79.79,7,7,5,0,0,0,0,0,0,3,0,0
278.3286,0.21970000000000217,79.79,7,7,5,0,0,0,0,0,0,3,0,0
368.453,2.416200000000001,79.79,9,7,5,0,0,0,0,0,0,3,0,0
275.3287,-0.747699999999998,108.36,8,7,6,0,0,0,0,0,2,3,0,0
357.4909,4.335100000000003,52.93000000000001,14,4,2,0,0,0,1,0,0,0,1,0
324.397,0.18680000000000285,80.23,11,8,4,0,0,0,1,0,0,2,1,0
337.3811,0.8330000000000026,83.03,8,7,5,0,0,0,0,0,0,3,1,0
290.4044,2.3656999999999995,44.73,9,4,2,0,0,0,1,0,0,1,1,0
249.3517,2.4301000000000004,32.7,7,3,1,0,0,0,1,0,0,0,1,0
325.4533,3.1270000000000007,36.53,8,4,2,0,0,0,1,0,0,2,1,0
331.4755,2.6474,36.53,8,5,2,0,0,0,1,0,0,2,1,0
365.47429999999997,3.2420000000000018,45.760000000000005,8,5,2,0,0,0,2,0,0,2,1,0
233.29189999999997,-0.7168999999999992,102.11999999999999,6,6,5,0,0,0,0,0,3,2,0,0
314.3696,-2.077199999999996,138.20999999999998,11,9,8,0,0,0,0,0,3,5,0,0
564.113,2.4914000000000014,123.49,13,10,7,0,0,0,0,0,0,3,2,0
325.4929,5.488900000000006,23.47,13,2,1,0,0,0,0,0,0,0,1,0
602.1222,1.0441000000000056,138.76,12,12,8,0,0,0,0,0,0,4,2,0
605.1657,1.9296000000000038,126.73,12,11,7,0,0,0,0,0,0,3,3,0
621.1647,1.166000000000006,135.96,12,12,7,0,0,0,1,0,0,3,3,0
594.1388000000001,2.260400000000004,132.72,15,11,7,0,0,0,1,0,0,3,2,0
387.5207,1.8189000000000002,57.20000000000001,8,6,2,0,0,0,2,0,0,1,2,0
424.84729999999996,-0.17019999999999635,122.11,9,10,7,0,0,0,1,0,1,5,1,0
477.4345,0.970799999999999,97.02,6,8,6,0,0,0,0,0,1,2,2,0
498.3843,4.8034000000000034,47.53,9,4,3,0,0,0,0,0,0,2,1,0
78.1134,2.3406000000000002,0.0,0,0,0,0,0,0,0,0,0,0,0,0
467.5621,5.752200000000007,81.95,13,5,4,0,0,0,1,0,0,1,0,0
362.4704,3.834100000000003,35.940000000000005,4,4,1,0,0,0,1,0,0,0,2,0
506.5893,4.159800000000003,76.39999999999999,13,7,3,0,0,0,1,0,0,0,2,0
495.4206,2.0615000000000023,95.06,8,8,6,0,0,0,0,0,0,4,1,0
523.461,5.277700000000004,62.21000000000001,12,6,3,0,0,0,0,0,0,1,1,0
509.4342,4.935500000000003,71.0,11,6,4,0,0,0,0,0,0,2,0,0
535.9228,2.9280999999999997,133.06,7,10,7,0,0,0,1,0,1,4,0,0
416.91790000000003,5.102700000000004,73.75,6,5,4,0,0,0,1,0,0,2,0,0
447.8727,3.792500000000002,76.55,7,6,5,0,0,0,0,0,0,3,0,0
474.39449999999994,3.253700000000002,86.22000000000001,10,7,4,0,0,0,2,0,0,2,1,0
476.86549999999994,2.3785,88.58,5,6,6,0,0,0,0,0,0,4,0,0
429.5001,-0.4939999999999946,114.84,6,9,6,0,0,0,0,0,2,3,2,0
426.557,5.3277000000000045,58.72,8,4,2,0,0,0,1,0,1,0,1,0
445.50659999999993,2.7306000000000012,102.42000000000002,10,7,4,0,0,0,1,0,1,0,2,0
485.4501,2.884500000000001,102.41999999999999,8,7,4,0,0,0,1,0,1,0,2,0
180.16619999999998,-2.6970999999999976,71.0,2,6,4,0,0,0,0,0,0,2,2,0
584.5708,0.6238000000000006,176.76,15,12,6,0,0,0,6,0,0,0,0,0
336.36519999999996,0.8712000000000022,41.36,4,4,1,0,0,0,4,0,0,0,0,0
463.5535,2.606900000000003,123.83000000000001,11,8,7,0,0,0,0,0,1,4,0,0
697.8002999999999,-5.030799999999991,265.34,25,18,14,0,0,0,0,0,1,2,4,0
313.3115,0.8557999999999988,113.42,5,7,5,0,0,0,0,0,1,0,1,0
397.16700000000003,-0.23989999999999678,129.48,7,9,7,0,0,0,0,0,0,3,0,0
538.4621999999999,-0.15879999999999667,180.29999999999998,9,10,8,0,0,0,2,0,0,0,0,0
457.4803,-3.0284999999999913,174.11,12,10,8,0,0,0,0,0,1,0,2,0
422.86879999999996,6.786100000000007,29.46,10,2,1,0,0,0,1,0,0,0,0,0
896.0603,1.725600000000007,237.73999999999998,22,17,12,0,0,0,0,0,2,4,3,0
228.28939999999997,3.1148000000000016,40.46,6,2,2,0,0,0,0,0,0,0,0,0
406.4398,-0.2594999999999967,100.46000000000001,8,8,5,0,0,0,1,0,0,2,2,0
515.4942,5.490700000000007,50.77,12,6,3,0,0,0,0,0,0,2,0,0
370.42569999999995,0.7752000000000023,93.78,10,6,5,0,0,0,0,0,1,2,1,0
418.289,1.4483999999999997,68.2,2,6,3,0,0,0,1,0,0,1,2,0
258.2289,-1.5264999999999997,99.38000000000001,14,6,4,0,0,0,0,0,0,0,0,0
425.5443,4.787800000000003,99.77000000000001,12,6,5,0,0,0,1,0,1,2,0,0
540.5164,0.48470000000000196,154.67,10,9,8,0,0,0,1,0,0,2,0,0
556.656,-2.1666999999999907,186.14000000000001,15,11,9,0,0,0,0,0,1,1,2,0
252.27179999999998,1.4215999999999989,62.02,2,4,2,0,0,0,1,0,1,0,1,0
499.6473,6.2810000000000095,73.16,14,5,3,0,0,0,1,0,0,0,1,0
513.5305999999999,0.5689000000000055,125.11,7,10,8,0,0,0,1,0,0,6,0,0
589.626,5.645600000000006,131.44,13,8,6,0,0,0,1,0,1,1,1,0
352.43500000000006,4.364200000000004,33.29,5,3,2,0,0,0,1,0,0,2,0,0
309.76329999999996,3.150100000000002,30.49,8,3,1,0,0,0,2,0,0,1,0,0
464.82120000000003,1.3690000000000004,72.62,10,7,5,0,0,0,1,0,0,5,0,0
179.19819999999999,0.6998,66.48,9,3,3,0,0,0,0,0,1,0,0,0
290.7019,0.5297999999999994,73.75,5,5,4,0,0,0,1,0,0,2,0,0
353.3721,1.216599999999999,60.390000000000015,2,6,1,0,0,0,4,0,0,0,1,0
347.3873,-0.8070999999999984,122.21000000000001,8,8,6,0,0,0,0,0,1,1,1,0
416.42349999999993,6.190600000000008,32.7,18,3,1,0,0,0,1,0,0,0,1,0
354.30920000000003,-2.450499999999997,171.07,12,9,8,0,0,0,1,0,0,0,0,0
333.4437,3.2216000000000014,61.72,6,5,3,0,0,0,1,0,0,1,0,0
148.16019999999997,1.6576,40.46,4,2,2,0,0,0,0,0,0,0,0,0
259.3509,1.7221999999999997,27.740000000000002,9,4,1,0,0,0,1,0,0,1,1,0
898.9536,1.6824000000000046,272.51,27,17,12,0,0,0,5,0,0,2,0,0
289.3291,1.3755999999999993,70.95,6,5,3,0,0,0,2,0,0,1,0,0
162.14000000000001,-2.789,93.45,4,5,4,0,0,0,1,0,0,0,0,0
320.32259999999997,0.5827000000000018,41.36,0,4,1,0,0,0,4,0,0,0,0,0
346.464,2.330200000000001,80.92,6,4,4,0,0,0,0,0,0,0,0,0
383.4605,-1.9726999999999963,119.66000000000001,12,9,6,0,0,0,0,0,0,1,2,0
382.45739999999995,1.8009999999999997,74.19000000000001,9,6,3,0,0,0,2,0,0,1,1,0
176.21779999999998,0.39859999999999973,35.5,2,3,2,0,0,0,0,0,0,1,1,0
323.3503,0.5382000000000013,85.78,7,6,5,0,0,0,1,0,0,3,0,0
332.3293,-0.08849999999999908,93.98,7,6,5,0,0,0,1,0,0,2,0,0
252.2053,-2.5671999999999975,116.42000000000002,8,7,6,0,0,0,0,0,0,1,1,0
368.38300000000004,2.0107,99.38000000000001,14,6,4,0,0,0,2,0,0,0,0,0
236.26940000000002,0.0685999999999995,84.75,3,5,5,0,0,0,0,0,0,2,0,0
84.1608,2.3406000000000002,0.0,0,0,0,0,0,0,0,0,0,0,0,0
98.1876,2.5866000000000007,0.0,1,0,0,0,0,0,0,0,0,0,0,0
320.34639999999996,2.4783999999999997,73.75,6,5,4,0,0,0,1,0,0,2,0,0
420.49660000000006,-1.7237999999999951,174.7,12,11,9,0,0,0,0,0,1,2,1,0
190.2446,0.3985999999999999,35.5,0,3,2,0,0,0,0,0,0,1,1,0
519.5580000000001,3.6167000000000034,114.6,6,8,7,0,0,0,0,0,1,4,0,0
332.4928,0.44500000000000367,82.58,18,6,4,0,0,0,0,0,2,2,2,0
751.6609,6.915300000000007,106.49999999999999,12,10,6,0,0,0,0,0,0,3,0,0
142.28379999999999,4.147000000000004,0.0,9,0,0,0,0,0,0,0,0,0,0,0
328.36199999999997,2.8272000000000013,68.15,8,5,2,0,0,0,3,0,0,0,0,0
446.36949999999996,3.4072000000000022,47.97,7,5,2,0,0,0,1,0,0,1,2,0
358.47499999999997,3.7204000000000037,69.92,11,4,3,0,0,0,1,0,0,0,0,0
341.4919,4.461300000000004,43.7,14,3,2,0,0,0,0,0,0,0,1,0
286.71389999999997,1.7796999999999998,55.73,1,4,3,0,0,0,0,0,0,1,1,0
350.3912,-3.8485999999999945,106.54,7,7,5,0,0,0,0,0,0,1,1,0
390.5602,5.895600000000009,58.92,20,4,2,0,0,0,2,0,0,0,0,0
216.2824,0.9916999999999996,24.5,0,3,1,0,0,0,1,0,0,1,1,0
407.6341,1.3563999999999996,93.78,4,6,5,0,0,0,0,0,1,2,0,0
290.8075,3.223700000000002,29.259999999999998,4,3,1,0,0,0,0,0,1,0,1,0
252.35899999999998,3.548600000000002,29.259999999999998,4,2,1,0,0,0,0,0,1,0,1,0
425.5655,2.9715000000000007,62.160000000000004,9,5,2,0,0,0,2,0,0,0,1,0
70.09039999999999,1.0428000000000002,9.23,4,1,0,0,0,0,1,0,0,0,0,0
343.29939999999993,2.164,70.95,7,5,3,0,0,0,2,0,0,1,0,0
268.311,-1.1400999999999986,110.18,12,6,5,0,0,0,0,0,1,0,1,0
807.8846999999998,1.9926000000000035,240.24999999999997,22,15,10,0,0,0,5,0,0,1,0,0
392.516,4.517100000000005,49.69,6,3,2,0,0,0,1,0,0,0,0,0
333.361,-0.6575999999999977,70.41,6,6,3,0,0,0,0,0,0,0,3,0
513.5617,3.607600000000003,125.40000000000002,11,8,5,0,0,0,2,0,1,0,0,0
996.2317,-0.17430000000000762,381.79999999999995,46,21,20,0,0,0,0,0,4,6,1,0
563.6506999999999,3.537900000000004,95.45,12,8,4,0,0,0,3,0,0,2,1,0
464.4354,2.264899999999999,84.99,8,7,5,0,0,0,0,0,1,1,2,0
311.3485,1.0661000000000003,50.519999999999996,4,5,3,0,0,0,1,0,1,1,1,0
411.5945,4.074300000000002,76.55,10,7,5,0,0,0,0,0,0,3,0,0
428.4896,2.9955000000000007,97.81,11,7,6,0,0,0,1,0,0,4,0,0
28.0536,1.0262,0.0,1,0,0,0,0,0,0,0,0,0,0,0
165.1909,0.8588000000000002,55.480000000000004,5,3,2,0,0,0,1,0,1,0,0,0
194.185,0.25330000000000014,69.92,7,4,3,0,0,0,1,0,0,0,0,0
320.3223,-1.8852999999999966,91.23,5,7,5,0,0,0,0,0,0,2,2,0
369.3412,-0.7599999999999978,70.41000000000001,6,6,3,0,0,0,0,0,0,0,3,0
415.46239999999995,0.7377000000000027,77.43,8,7,3,0,0,0,2,0,0,1,2,0
260.2197,-2.1125999999999996,105.42000000000002,5,7,5,0,0,0,1,0,0,1,1,0
449.5003,2.8480000000000008,100.41000000000001,16,7,4,0,0,0,3,0,0,1,0,0
421.5127,2.5036000000000005,65.99,7,7,3,0,0,0,2,0,0,2,1,0
632.6605999999999,2.4021000000000035,116.71000000000001,15,10,5,0,0,0,4,0,0,3,1,0
247.243,-1.8016999999999976,90.98,4,7,4,0,0,0,1,0,1,1,1,0
383.3564999999999,0.07710000000000333,117.59,8,7,6,0,0,0,1,0,2,3,0,0
171.23829999999998,0.5964,66.48,5,3,3,0,0,0,0,0,1,0,0,0
369.4261,1.1559000000000033,85.58,5,6,5,0,0,0,0,0,1,3,0,0
392.4038,-1.1950999999999974,105.22,7,7,5,0,0,0,0,0,1,1,2,0
286.2782,-1.6459999999999988,119.61000000000001,9,7,5,0,0,0,2,0,0,0,0,0
513.6323,0.21200000000000818,107.53,6,11,6,0,0,0,1,0,0,4,2,0
498.603,-2.9795999999999934,133.54999999999998,10,12,7,0,0,0,1,0,1,4,3,0
366.4584,2.481000000000001,53.96000000000001,9,5,2,0,0,0,2,0,0,1,1,0
270.23900000000003,0.04519999999999952,90.15,4,5,4,0,0,0,1,0,0,0,0,0
356.32500000000005,-1.8434999999999975,138.07000000000002,9,9,5,0,0,0,4,0,0,0,0,0
154.1204,-1.181,80.92,4,4,4,0,0,0,0,0,0,0,0,0
408.40059999999994,-0.9648999999999994,138.07000000000002,3,9,5,0,0,0,4,0,0,0,0,0
406.3847999999999,-1.1089999999999982,138.07,3,9,5,0,0,0,4,0,0,0,0,0
1079.272,-1.4835999999999816,357.06000000000006,38,22,14,0,0,0,8,0,0,0,0,0
361.371,-1.2802999999999958,79.64,5,7,3,0,0,0,1,0,0,0,3,0
421.4943,2.898900000000001,97.22000000000001,14,7,5,0,0,0,1,0,0,2,1,0
1711.0031,-7.086700000000008,631.44,88,41,31,0,0,0,9,0,0,10,1,0
75.0665,-1.7442,66.48,3,3,3,0,0,0,0,0,1,0,0,0
470.6894,5.510400000000009,80.92,10,4,4,0,0,0,0,0,0,0,0,0
822.9358000000001,-0.20439999999999603,279.67999999999995,22,16,12,0,0,0,4,0,0,0,0,0
414.4818,-1.8809999999999933,105.07000000000001,7,10,5,0,0,0,3,0,1,4,1,0
365.3871,1.4535000000000002,95.01,10,7,5,0,0,0,2,0,0,3,0,0
231.0792,0.2964999999999991,76.1,6,4,4,0,0,0,0,0,2,2,0,0
293.3245,1.5266000000000006,68.54,3,5,3,0,0,0,2,0,1,2,0,0
100.2034,2.976700000000002,0.0,6,0,0,0,0,0,0,0,0,0,0,0
331.3452,-0.8572999999999982,79.2,4,6,4,0,0,0,0,0,0,1,2,0
86.17660000000001,2.5866000000000007,0.0,5,0,0,0,0,0,0,0,0,0,0,0
236.26940000000002,0.02069999999999944,75.96000000000001,3,5,4,0,0,0,0,0,0,1,1,0
128.12619999999998,-0.5419,60.69,3,3,3,0,0,0,0,0,0,0,0,0
175.2923,0.2624000000000006,55.28,10,4,2,0,0,0,0,0,2,0,1,0
266.3382,4.141000000000004,40.46,9,2,2,0,0,0,0,0,0,0,0,0
409.49129999999997,-1.511899999999994,96.09,6,9,6,0,0,0,1,0,0,5,1,0
364.399,2.1338999999999997,82.98,12,6,4,0,0,0,2,0,0,2,0,0
730.0442999999999,6.0912000000000095,124.27000000000001,18,9,6,0,0,0,2,0,1,3,0,0
304.344,-0.25839999999999885,65.4,6,6,2,0,0,0,2,0,0,0,2,0
467.5225,2.3968999999999996,97.22,7,7,5,0,0,0,1,0,0,2,1,0
319.3342,-0.999799999999998,79.2,5,6,4,0,0,0,0,0,0,1,2,0
712.9304,3.189900000000006,158.74,21,11,8,0,0,0,1,0,1,3,2,0
384.47319999999996,1.8009999999999997,74.19000000000001,9,6,3,0,0,0,2,0,0,1,1,0
416.86389999999994,-1.414899999999994,102.08,8,9,6,0,0,0,2,0,0,5,1,0
362.42279999999994,4.823200000000005,47.92,7,4,1,0,0,0,3,0,0,0,0,0
406.5392,1.2383000000000013,106.4,11,10,7,0,0,0,0,0,1,5,0,0
359.4235,0.03260000000000152,99.43,9,7,5,0,0,0,0,0,0,1,2,0
445.22069999999997,1.8317000000000005,71.0,6,6,4,0,0,0,0,0,0,2,1,0
467.4789,1.044500000000001,97.66,5,8,4,0,0,0,2,0,0,1,2,0
254.28359999999998,2.6808000000000014,60.69,6,3,3,0,0,0,0,0,0,0,0,0
416.47459999999995,2.865000000000001,118.97000000000001,12,6,6,0,0,0,0,0,1,1,0,0
1155.4451999999999,-8.121699999999993,525.4199999999998,47,29,29,0,0,0,0,0,5,11,0,0
208.2158,-1.1070999999999993,112.73,7,5,5,0,0,0,0,0,2,0,0,0
339.43649999999997,2.2613,72.96000000000001,8,5,3,0,0,0,0,0,1,0,2,0
326.8261,1.6991000000000003,30.54,3,4,2,0,0,0,0,0,0,2,2,0
357.79639999999995,0.058800000000003294,72.03,5,7,4,0,0,0,0,0,0,3,2,0
90.0774,-1.3221,60.69,4,3,3,0,0,0,0,0,0,0,0,0
89.09330000000001,-1.3557,66.48,4,3,3,0,0,0,0,0,1,0,0,0
352.8639,2.9231000000000007,21.75,4,4,1,0,0,0,0,0,0,1,2,0
554.6515999999999,0.28030000000000804,108.56,15,11,6,0,0,0,2,0,0,5,2,0
420.5251,4.6216000000000035,69.72,7,4,3,0,0,0,0,0,1,0,1,0
257.3747,3.048000000000002,23.47,2,2,1,0,0,0,0,0,0,0,1,0
238.1584,-2.4239999999999973,120.69000000000001,4,9,6,0,0,0,1,0,0,2,0,0
341.4237,1.1867000000000019,111.21000000000001,10,7,5,0,0,0,1,0,1,1,1,0
308.7677,1.702899999999999,39.33,3,4,3,0,0,0,0,0,0,3,1,0
379.88179999999994,4.780200000000005,43.7,7,3,2,0,0,0,0,0,0,0,1,0
270.3922,3.267100000000002,15.27,5,3,1,0,0,0,0,0,0,1,1,0
206.3166,2.0112,40.46,6,4,2,0,0,0,0,0,0,0,0,0
538.4587999999999,-1.7037999999999955,220.75999999999996,17,12,10,0,0,0,2,0,0,0,0,0
718.617,-2.0881999999999854,290.67999999999995,24,16,13,0,0,0,3,0,0,0,0,0
131.1737,-0.3294999999999999,66.48,7,3,3,0,0,0,0,0,1,0,0,0
507.5343,2.4930999999999996,131.0,12,7,7,0,0,0,0,0,1,2,0,0
382.45739999999995,2.0863999999999994,118.97000000000001,14,6,6,0,0,0,0,0,1,1,0,0
229.21719999999996,-0.0640999999999996,60.15,3,5,5,0,0,0,0,0,0,5,0,0
337.46029999999996,4.5019000000000045,43.7,8,3,2,0,0,0,0,0,0,0,1,0
415.52439999999996,2.9720000000000004,47.97,9,6,2,0,0,0,1,0,0,1,2,0
300.7741,0.5818000000000002,64.52,5,6,4,0,0,0,0,0,0,2,0,0
88.1488,1.1689,20.23,5,1,1,0,0,0,0,0,0,0,0,0
300.31239999999997,0.03239999999999915,118.97000000000001,9,6,6,0,0,0,0,0,1,1,0,0
423.6055,4.072700000000002,76.55,6,7,5,0,0,0,0,0,0,3,0,0
433.51449999999994,2.920000000000001,47.97,9,6,2,0,0,0,1,0,0,1,2,0
413.53729999999996,0.6076000000000038,80.82000000000001,13,8,5,0,0,0,1,0,0,4,1,0
443.44019999999995,-0.24889999999999324,104.88000000000001,8,9,7,0,0,0,1,0,0,6,0,0
153.1363,-1.2146000000000003,86.71000000000001,4,4,4,0,0,0,0,0,1,0,0,0
359.3415,-0.8799000000000001,127.17000000000002,9,7,6,0,0,0,0,0,1,0,0,0
424.5211,1.2666000000000037,92.41,10,7,7,0,0,0,0,0,0,6,0,0
373.7954,-0.826299999999996,92.26,6,8,5,0,0,0,0,0,0,3,2,0
389.79439999999994,-1.853899999999995,112.49000000000001,7,9,6,0,0,0,0,0,0,3,2,0
451.3927,2.0378,93.19000000000001,7,7,5,0,0,0,0,0,1,0,2,0
220.22679999999997,-0.2772999999999998,87.74000000000001,5,5,4,0,0,0,1,0,1,1,0,0
415.4308,-3.302899999999995,111.36,11,11,7,0,0,0,1,0,0,6,2,0
213.2429,-1.386799999999996,65.35,3,5,4,0,0,0,0,0,1,3,1,0
1024.1911,-4.489700000000019,404.49,25,24,24,0,0,0,0,0,3,12,0,0
67.0905,0.6011000000000001,26.02,3,1,1,0,0,0,0,0,1,0,0,0
299.79679999999996,0.5959000000000012,70.75,12,5,3,0,0,0,1,0,1,1,1,0
822.9472000000001,-0.06689999999998764,229.29999999999998,21,16,10,0,0,0,4,0,0,2,1,0
500.6728,4.455000000000003,89.02000000000001,12,8,5,0,0,0,1,0,0,3,0,0
433.93760000000003,2.027200000000002,71.59,7,6,5,0,0,0,0,0,0,4,1,0
420.81739999999996,3.2372000000000014,50.769999999999996,4,5,3,0,0,0,0,0,0,2,2,0
460.882,4.017400000000001,50.77,4,5,3,0,0,0,0,0,0,2,2,0
474.78770000000003,3.779600000000001,50.77,3,5,3,0,0,0,0,0,0,2,2,0
555.459,4.985900000000005,93.39,9,6,4,0,0,0,1,0,0,0,1,0
366.4768,3.0352000000000006,55.730000000000004,6,5,3,0,0,0,0,0,0,1,1,0
464.003,3.778100000000002,39.18000000000001,5,5,1,0,0,0,1,0,0,0,3,0
390.44480000000004,0.107800000000004,84.06,7,8,5,0,0,0,1,0,0,4,1,0
413.48269999999997,0.47730000000000466,78.07000000000001,5,8,5,0,0,0,0,0,0,4,2,0
225.20690000000002,-3.7362999999999955,115.04,6,8,6,0,0,0,1,0,1,3,1,0
368.4742,3.751800000000002,64.96000000000001,10,5,3,0,0,0,1,0,0,1,0,0
84.9268,1.4215,0.0,0,0,0,0,0,0,0,0,0,0,0,0
219.1951,-0.7964000000000004,81.95,5,5,4,0,0,0,1,0,0,1,0,0
444.4243,-0.09699999999999637,95.50000000000001,7,9,5,0,0,0,1,0,0,3,0,0
460.58279999999996,-0.6330999999999931,90.1,10,9,6,0,0,0,0,0,0,5,2,0
398.5,2.1059000000000014,63.19000000000001,11,6,2,0,0,0,3,0,0,1,1,0
717.2819,3.3203000000000067,100.21000000000001,15,13,4,0,0,0,3,0,0,3,4,0
531.4312,2.259400000000002,69.67,9,8,2,0,0,0,3,0,0,1,3,0
221.3015,3.733400000000003,12.03,1,1,1,0,0,0,0,0,0,1,0,0
369.3274,3.5233000000000025,35.5,6,3,2,0,0,0,0,0,0,1,1,0
670.8499999999999,2.436100000000005,178.53,17,11,10,0,0,0,0,0,1,4,1,0
432.4437,1.6671000000000007,71.0,6,6,4,0,0,0,0,0,0,2,2,0
414.4668,0.1276000000000051,106.84,8,8,6,0,0,0,1,0,1,4,1,0
461.5153,0.13480000000000297,117.45000000000002,8,8,6,0,0,0,1,0,0,2,1,0
547.6197,0.017200000000003546,178.14,14,11,9,0,0,0,1,0,0,2,1,0
365.3981,2.1689,102.62000000000002,5,7,4,0,0,0,1,0,0,0,1,0
461.46430000000004,-1.851399999999995,152.31,9,10,6,0,0,0,3,0,0,0,1,0
461.46430000000004,-1.851399999999996,152.31,9,10,6,0,0,0,3,0,0,0,1,0
370.83509999999995,0.5462000000000016,68.78999999999999,5,6,4,0,0,0,1,0,0,3,1,0
401.43559999999997,-0.45379999999999704,88.43,6,7,4,0,0,0,1,0,0,1,2,0
379.4139,1.0805999999999991,97.22,6,7,5,0,0,0,1,0,0,2,1,0
567.7845,4.074100000000004,108.22,14,8,6,0,0,0,0,0,0,2,1,0
417.9099999999999,3.5999000000000008,100.61,6,7,7,0,0,0,0,0,0,5,0,0
406.5207,3.783400000000001,39.33,9,5,3,0,0,0,0,0,0,3,1,0
387.16779999999994,-1.6191999999999993,145.44,9,8,8,0,0,0,0,0,0,2,0,0
268.2674,-2.1654999999999975,139.20000000000002,11,7,7,0,0,0,0,0,1,1,0,0
386.2307,2.2706,76.55,6,5,5,0,0,0,0,0,0,3,0,0
415.43670000000003,3.3057000000000007,128.45000000000002,4,8,7,0,0,0,0,0,0,2,0,0
417.5499,3.8563000000000027,47.97,10,5,2,0,0,0,1,0,0,1,2,0
457.4974000000001,2.377900000000002,76.78999999999999,11,6,4,0,0,0,0,0,1,2,2,0
481.5194,2.766400000000001,76.78999999999999,9,6,4,0,0,0,0,0,1,2,2,0
471.52020000000005,4.445000000000003,56.760000000000005,9,5,3,0,0,0,1,0,0,2,1,0
236.22979999999995,-2.4900999999999964,89.02000000000001,3,7,5,0,0,0,1,0,0,3,1,0
398.3691,3.2481000000000018,38.74,7,4,2,0,0,0,0,0,0,1,2,0
434.41709999999995,4.205200000000002,58.970000000000006,7,5,3,0,0,0,0,0,0,1,2,0
412.3959000000001,3.638200000000003,38.74,8,4,2,0,0,0,0,0,0,1,2,0
521.599,3.8660000000000014,97.02,8,7,5,0,0,0,0,0,1,2,2,0
397.8213999999999,-1.8774999999999935,99.96,7,7,6,0,0,0,0,0,0,5,1,0
941.148,3.3874000000000146,154.96,18,16,8,0,0,0,0,0,0,4,6,0
455.43800000000005,2.6315,80.82000000000001,7,7,5,0,0,0,1,0,0,4,1,0
296.321,-1.3852999999999993,139.20000000000002,13,7,7,0,0,0,0,0,1,1,0,0
476.5698,1.9756999999999996,85.63000000000001,10,7,3,0,0,0,2,0,0,0,2,0
562.7148,-0.31239999999999024,124.75999999999999,14,11,6,0,0,0,1,0,1,3,4,0
211.2197,-1.6601999999999992,90.98,4,6,4,0,0,0,1,0,1,1,1,0
495.0209,1.5145000000000037,86.27000000000001,12,8,5,0,0,0,0,0,0,3,3,0
193.2445,1.639,55.480000000000004,7,3,2,0,0,0,1,0,1,0,0,0
213.2935,3.3744000000000014,52.489999999999995,6,3,3,0,0,0,0,0,0,1,0,0
261.2755,0.37389999999999973,81.95,8,5,4,0,0,0,1,0,0,1,0,0
477.59529999999995,1.2975000000000028,172.03999999999996,16,10,8,0,0,0,1,0,3,2,0,0
624.7736,5.392200000000005,72.86000000000001,17,8,1,0,0,0,5,0,0,0,2,0
320.394,1.4270000000000005,73.55,4,5,4,0,0,0,0,0,1,2,0,0
128.257,3.7569000000000026,0.0,8,0,0,0,0,0,0,0,0,0,0,0
413.55449999999996,2.875300000000001,70.95,6,5,3,0,0,0,2,0,0,1,0,0
589.6776999999998,0.017900000000003635,170.32999999999998,12,11,7,0,0,0,4,0,0,1,0,0
224.2148,-1.3805999999999994,85.19000000000001,4,6,4,0,0,0,1,0,0,1,1,0
304.8343,3.4844000000000026,15.27,5,3,1,0,0,0,0,0,0,1,1,0
270.7149,2.2226,44.29,1,3,3,0,0,0,0,0,0,2,0,0
273.3301,1.3194999999999995,50.72,3,4,2,0,0,0,2,0,0,1,0,0
148.2078,0.738,24.06,1,2,2,0,0,0,0,0,0,2,0,0
287.31329999999997,-0.22130000000000066,81.95,2,5,4,0,0,0,1,0,0,1,0,0
440.5804,4.007600000000003,74.97000000000001,20,6,2,0,0,0,4,0,1,1,0,0
933.1309999999999,-0.3369999999999911,298.14,33,18,12,0,0,0,6,0,0,0,0,0
295.37989999999996,3.182900000000002,21.700000000000003,5,3,0,0,0,0,2,0,0,0,1,0
114.2302,3.3668000000000022,0.0,7,0,0,0,0,0,0,0,0,0,0,0
398.84909999999996,-0.5398999999999958,117.83999999999999,11,8,7,0,0,0,0,0,1,4,0,0
456.56219999999996,0.7827000000000044,115.28999999999999,10,9,7,0,0,0,0,0,0,4,2,0
505.4973,2.929400000000002,109.84,7,8,7,0,0,0,1,0,0,5,0,0
855.021,0.9315000000000055,235.67999999999995,20,16,8,0,0,0,8,0,0,0,0,0
855.021,0.9331000000000054,235.67999999999995,20,16,8,0,0,0,8,0,0,0,0,0
375.47009999999995,-1.0196999999999954,94.47000000000001,9,8,5,0,0,0,0,0,0,2,3,0
271.74260000000004,3.187100000000002,21.259999999999998,0,2,1,0,0,0,1,0,0,1,0,0
281.3531,2.7208000000000006,41.489999999999995,2,3,2,0,0,0,1,0,0,1,0,0
295.37989999999996,3.0630000000000015,32.7,3,3,1,0,0,0,1,0,0,0,1,0
285.7694,3.5293000000000028,12.47,1,2,0,0,0,0,1,0,0,0,1,0
265.66189999999995,1.3444999999999994,27.299999999999997,1,3,2,0,0,0,0,0,0,2,1,0
264.3264,3.3824000000000014,47.28,6,3,2,0,0,0,0,0,1,1,0,0
312.4072,0.9489000000000001,96.97000000000001,14,6,4,0,0,0,2,0,1,1,0,0
396.83329999999995,-0.5398999999999967,117.83999999999999,10,8,7,0,0,0,0,0,1,4,0,0
487.42220000000003,2.1401000000000026,79.79,10,6,5,0,0,0,0,0,0,3,1,0
106.167,2.832600000000001,0.0,2,0,0,0,0,0,0,0,0,0,0,0
301.3401,0.12089999999999895,73.16000000000001,3,5,3,0,0,0,1,0,0,0,1,0
472.5858,3.0942000000000034,67.02,4,7,3,0,0,0,3,0,0,3,1,0
480.46320000000003,-1.2991999999999977,167.53,13,11,6,0,0,0,5,0,0,0,0,0
406.43180000000007,3.1323000000000016,77.38000000000001,10,6,2,0,0,0,4,0,0,0,0,0
186.25660000000002,-1.1641999999999961,8.88,3,0,2,0,0,0,0,0,0,0,0,0
482.1906,0.9178,93.98,10,6,5,0,0,0,0,0,0,2,0,0
406.4547,3.4521000000000015,98.74000000000001,11,5,5,0,0,0,0,0,1,1,0,0
286.33720000000005,-1.7819999999999958,97.61,6,7,6,0,0,0,0,0,1,4,1,0
368.4742,2.969900000000001,98.74000000000001,14,5,5,0,0,0,0,0,1,1,0,0
392.45259999999996,2.3488000000000007,107.97000000000001,12,6,5,0,0,0,1,0,1,1,0,0
523.4592,3.299000000000003,74.83,9,7,5,0,0,0,0,0,0,4,2,0
408.89489999999995,3.371500000000001,96.19000000000001,8,6,5,0,0,0,0,0,0,1,0,0
514.0779,4.941800000000002,40.46,9,2,2,0,0,0,0,0,0,0,0,0
369.4526,2.9147000000000007,76.99,8,6,4,0,0,0,0,0,0,2,1,0
426.5043,1.8211000000000015,109.25,11,8,6,0,0,0,0,0,0,3,1,0
376.8578,1.0211000000000008,41.980000000000004,8,5,2,0,0,0,0,0,0,1,3,0
381.42569999999995,2.951000000000001,80.18,12,6,3,0,0,0,3,0,0,1,0,0
414.39329999999995,-0.5627999999999946,69.86999999999999,5,8,5,0,0,0,0,0,0,5,1,0
425.91459999999995,1.042800000000002,74.24,5,7,4,0,0,0,0,0,0,2,3,0
304.2091,2.8058000000000014,43.7,10,3,2,0,0,0,0,0,0,0,1,0
243.39149999999998,4.755500000000005,3.24,2,1,0,0,0,0,0,0,0,0,1,0
357.46619999999996,4.569800000000004,32.7,11,3,1,0,0,0,1,0,0,0,1,0
221.0169,0.11920000000000008,69.72,7,4,3,0,0,0,0,0,1,0,0,0
431.1995,-0.4904999999999988,96.78,9,6,6,0,0,0,0,0,0,3,0,0
491.34190000000007,2.1393000000000004,78.02,9,7,4,0,0,0,2,0,0,3,1,0
533.6088,-0.2319999999999926,128.94,13,11,9,0,0,0,1,0,0,8,0,0
314.466,4.387000000000006,40.46,4,2,2,0,0,0,0,0,0,0,0,0
42.0804,1.4163,0.0,2,0,0,0,0,0,0,0,0,0,0,0
179.21769999999998,1.2489000000000001,55.480000000000004,6,3,2,0,0,0,1,0,1,0,0,0
155.28289999999998,2.564700000000001,12.03,5,1,1,0,0,0,0,0,0,1,0,0
305.1972,1.3528999999999995,69.72,10,4,3,0,0,0,0,0,1,0,1,0
154.1204,-1.1810000000000005,80.92,4,4,4,0,0,0,0,0,0,0,0,0
416.38,-1.857099999999996,160.07,9,9,7,0,0,0,2,0,0,0,0,0
296.372,0.5795000000000017,48.56,4,5,3,0,0,0,1,0,0,3,1,0
321.3345,0.8543000000000012,65.99000000000001,5,6,3,0,0,0,2,0,0,2,0,0
407.4239,0.03130000000000255,122.65,7,8,5,0,0,0,1,0,1,0,2,0
302.237,-1.8706999999999971,130.61,6,7,6,0,0,0,1,0,0,0,0,0
399.96000000000004,4.018100000000002,36.53,13,4,2,0,0,0,1,0,0,2,1,0
376.1845,-1.0579000000000005,136.4,9,7,6,0,0,0,1,0,1,0,0,0
353.3553999999999,-0.2609999999999959,117.59,7,7,6,0,0,0,1,0,2,3,0,0
383.3564999999999,0.07710000000000333,117.59,8,7,6,0,0,0,1,0,2,3,0,0
646.6415,5.296500000000008,113.62,17,7,5,0,0,0,1,0,0,0,1,0
395.3922,-0.24599999999999556,126.82000000000001,10,8,6,0,0,0,2,0,2,3,0,0
347.23400000000004,0.9893000000000003,64.96000000000001,9,5,3,0,0,0,1,0,0,1,1,0
597.8989,6.71980000000001,62.160000000000004,14,5,2,0,0,0,2,0,0,0,1,0
355.37119999999993,-0.12009999999999715,80.82000000000001,2,7,5,0,0,0,1,0,0,4,0,0
228.24579999999997,1.8396,60.69,6,3,3,0,0,0,0,0,0,0,0,0
451.4875,1.666100000000002,129.87,17,9,5,0,0,0,4,0,0,1,0,0
463.78490000000005,4.053700000000004,50.77,6,5,3,0,0,0,0,0,0,2,0,0
458.5488,1.709800000000002,118.04,7,9,7,0,0,0,1,0,0,4,0,0
477.5705,5.020000000000004,38.74,7,5,2,0,0,0,0,0,0,1,2,0
319.3773,-0.14229999999999815,68.2,3,7,3,0,0,0,1,0,0,1,2,0
246.2906,2.3906,99.38000000000001,9,6,4,0,0,0,0,0,0,0,0,0
284.3536,-0.09529999999999855,107.97000000000001,12,6,5,0,0,0,1,0,1,1,0,0
421.4405,2.4519,126.68,9,10,6,0,0,0,2,0,0,2,0,0
394.49080000000004,4.057600000000001,79.78999999999999,6,6,5,0,0,0,0,0,0,3,1,0
408.51759999999996,4.447700000000001,79.78999999999999,6,6,5,0,0,0,0,0,0,3,1,0
410.48980000000006,3.2940000000000014,89.02,6,7,5,0,0,0,1,0,0,3,1,0
355.4103,3.608200000000001,85.78,7,6,5,0,0,0,1,0,0,3,0,0
555.5581999999999,0.6678000000000053,116.32,13,10,7,0,0,0,1,0,0,5,2,0
360.3164,-0.7851999999999995,150.84,13,8,7,0,0,0,1,0,0,0,0,0
459.5867,3.7588000000000026,79.98,15,6,3,0,0,0,2,0,1,1,1,0
274.5284,1.9334999999999998,27.299999999999997,3,3,2,0,0,0,0,0,0,2,0,0
214.0451,-0.4747000000000005,67.76,7,5,4,0,0,0,0,0,0,2,0,0
138.1214,-0.15180000000000016,60.69,3,3,3,0,0,0,0,0,0,0,0,0
195.1731,-1.2438000000000007,92.95,6,5,5,0,0,0,0,0,0,1,0,0
494.4498,-0.2569999999999968,191.29999999999998,18,10,9,0,0,0,1,0,0,0,0,0
432.4662,1.2380999999999989,117.84000000000002,9,8,4,0,0,0,4,0,0,0,0,0
562.5036,4.020400000000003,96.78,6,6,6,0,0,0,0,0,0,3,0,0
440.49659999999994,3.6763000000000012,93.98,11,6,5,0,0,0,1,0,0,2,0,0
319.3227,-0.8204999999999962,89.61,5,7,6,0,0,0,1,0,0,5,0,0
356.3742,1.5195000000000007,59.56,8,5,4,0,0,0,0,0,0,3,1,0
482.8486,-0.20739999999999398,87.49,4,5,6,0,0,0,0,0,0,5,0,0
354.4554,0.285100000000004,83.61999999999999,12,7,6,0,0,0,0,0,0,5,1,0
427.4149,-2.8335999999999943,195.52,13,11,11,0,0,0,0,0,1,4,0,0
380.42490000000004,-0.06079999999999536,74.83,1,7,5,0,0,0,0,0,0,4,1,0
525.6098999999999,-0.017599999999992177,110.52,13,10,5,0,0,0,2,0,1,3,2,0
457.6825,0.28760000000000124,89.02000000000001,9,7,5,0,0,0,0,0,0,3,1,0
176.21779999999998,0.08419999999999961,58.28,4,3,3,0,0,0,0,0,1,1,0,0
448.5822,2.8260000000000005,68.79,12,7,4,0,0,0,1,0,0,3,1,0
380.44159999999994,1.5173999999999987,96.19000000000001,12,6,5,0,0,0,0,0,0,1,1,0
380.44159999999994,1.659899999999999,96.19000000000001,12,6,5,0,0,0,0,0,0,1,1,0
90.1434,-0.44959999999999994,52.04,4,3,2,0,0,0,0,0,2,0,0,0
341.4483,3.414900000000001,61.72,13,4,3,0,0,0,1,0,0,1,0,0
328.40559999999994,3.187800000000002,69.92,12,4,3,0,0,0,1,0,0,0,0,0
263.1989,-2.444199999999998,111.21000000000001,5,7,5,0,0,0,1,0,1,1,1,0
560.602,1.3921000000000059,106.50000000000001,12,9,6,0,0,0,0,0,0,3,3,0
395.4754,3.004200000000001,58.97,6,5,3,0,0,0,0,0,0,1,2,0
456.5505999999999,3.0632000000000037,63.39,7,6,5,0,0,0,0,0,0,5,1,0
342.2948,-5.395599999999993,189.52999999999997,13,11,8,0,0,0,3,0,0,0,0,0
402.5684,4.890900000000004,46.94,6,5,2,0,0,0,0,0,0,0,2,0
398.3916,0.5869000000000029,149.27,9,9,9,0,0,0,0,0,0,4,0,0
322.3662,-0.232299999999995,74.57000000000001,8,4,5,0,0,0,0,0,0,2,0,0
198.173,-0.9020000000000004,79.15,7,5,3,0,0,0,2,0,0,0,0,0
424.5528,3.782400000000001,94.42000000000002,10,7,4,0,0,0,2,0,0,1,1,0
382.4608,4.341300000000002,64.52,8,4,4,0,0,0,0,0,0,2,0,0
810.9832,2.748900000000007,159.82,19,13,6,0,0,0,4,0,0,1,3,0
311.48449999999997,5.636900000000006,12.03,8,2,1,0,0,0,0,0,0,1,0,0
360.3163,4.628600000000005,32.7,10,3,1,0,0,0,1,0,0,0,1,0
134.2206,3.6128000000000027,0.0,0,0,0,0,0,0,0,0,0,0,0,0
140.26799999999997,3.6128000000000027,0.0,0,0,0,0,0,0,0,0,0,0,0,0
450.3213999999999,-1.9731999999999943,153.98,9,12,8,0,0,0,1,0,0,4,1,0
442.3586,1.6970000000000018,80.38,10,6,6,0,0,0,0,0,0,5,0,0
491.38550000000004,2.534300000000001,57.79,8,6,3,0,0,0,2,0,0,3,1,0
355.43149999999997,2.5768000000000004,40.160000000000004,8,5,0,0,0,0,4,0,0,0,1,0
491.5722,3.4330000000000025,120.84,12,10,9,0,0,0,0,0,0,5,0,0
180.16619999999998,-2.697099999999998,71.0,2,6,4,0,0,0,0,0,0,2,2,0
853.9128999999999,3.162900000000004,240.24999999999997,24,15,10,0,0,0,5,0,0,1,0,0
248.2954,-1.9764999999999988,93.98,7,7,5,0,0,0,1,0,0,2,0,0
312.4502,4.387000000000004,40.46,5,2,2,0,0,0,0,0,0,0,0,0
313.78000000000003,-0.36899999999999844,88.77,8,6,4,0,0,0,2,0,1,2,0,0
312.4124,-2.9027999999999965,138.20999999999998,14,10,8,0,0,0,0,0,3,5,0,0
92.1402,2.5866000000000007,0.0,1,0,0,0,0,0,0,0,0,0,0,0
395.4843,-1.2199999999999933,84.06,5,8,5,0,0,0,1,0,0,4,2,0
181.1899,-0.43440000000000006,86.71000000000001,6,4,4,0,0,0,0,0,1,0,0,0
230.0911,0.8197000000000002,36.089999999999996,2,3,3,0,0,0,0,0,0,3,0,0
209.67579999999998,0.8483999999999996,36.089999999999996,3,3,3,0,0,0,0,0,0,3,0,0
209.67579999999998,0.8483999999999996,36.089999999999996,3,3,3,0,0,0,0,0,0,3,0,0
527.5231,-1.5326999999999942,195.31999999999996,12,11,8,0,0,0,3,0,1,0,0,0
189.26049999999998,0.8770999999999998,36.089999999999996,4,3,3,0,0,0,0,0,0,3,0,0
161.2069,0.38509999999999983,36.089999999999996,2,3,3,0,0,0,0,0,0,3,0,0
175.2337,0.6310999999999998,36.089999999999996,3,3,3,0,0,0,0,0,0,3,0,0
264.5332,1.0369999999999997,36.089999999999996,2,3,3,0,0,0,0,0,0,3,0,0
397.8952,1.5052999999999996,36.089999999999996,2,3,3,0,0,0,0,0,0,3,0,0
318.9991,1.1318999999999995,36.089999999999996,2,3,3,0,0,0,0,0,0,3,0,0
308.98720000000003,1.1930999999999996,36.089999999999996,2,3,3,0,0,0,0,0,0,3,0,0
197.18710000000002,0.28109999999999996,36.089999999999996,2,3,3,0,0,0,0,0,0,3,0,0
320.3125,2.2965999999999998,35.5,4,3,2,0,0,0,0,0,0,1,1,0
368.18390000000005,-0.8699999999999992,128.45000000000002,6,8,7,0,0,0,0,0,0,2,0,0
651.7887,1.6714000000000058,126.77000000000002,28,12,2,0,0,0,9,0,0,0,1,0
506.6978,2.8429,117.51,12,8,6,0,0,0,1,0,0,2,0,0
349.3784,-0.6007999999999984,79.2,4,7,4,0,0,0,0,0,0,1,2,0
354.40379999999993,1.8142999999999985,107.97000000000001,8,6,5,0,0,0,1,0,1,1,0,0
513.4778,-0.07539999999999447,147.89,7,10,9,0,0,0,1,0,1,6,0,0
329.284,1.0446999999999997,60.15,2,5,5,0,0,0,0,0,0,5,0,0
143.2283,1.3358,46.25,8,2,2,0,0,0,0,0,1,0,0,0
143.2283,1.4798999999999998,46.25,8,2,2,0,0,0,0,0,1,0,0,0
426.38539999999995,-2.0537999999999927,144.89000000000001,9,10,8,0,0,0,1,0,2,5,0,0
279.3413,2.2995,36.53,6,4,2,0,0,0,1,0,0,2,1,0
341.4271,1.5025000000000002,79.53999999999999,9,6,4,0,0,0,1,0,1,2,0,0
411.4744,1.7310000000000008,82.19000000000001,7,6,3,0,0,0,1,0,1,0,2,0
581.0564,4.4283000000000055,107.04,12,8,6,0,0,0,2,0,0,4,0,0
326.3295,0.363800000000002,82.78,7,6,4,0,0,0,1,0,1,2,0,0
338.3841,1.591100000000001,48.56,4,5,3,0,0,0,1,0,0,3,1,0
430.50939999999997,0.1538000000000056,84.06,8,8,5,0,0,0,1,0,0,4,1,0
453.48999999999995,1.5954000000000024,140.03,7,8,7,0,0,0,0,0,2,2,1,0
444.5075,2.2073000000000023,73.99000000000001,6,6,3,0,0,0,1,0,1,1,2,0
339.3642,3.804300000000003,41.93000000000001,7,4,1,0,0,0,2,0,0,0,1,0
422.7798,5.796300000000006,15.27,3,2,1,0,0,0,0,0,0,1,0,0
422.5696,2.861900000000002,51.21000000000001,9,6,2,0,0,0,1,0,0,1,3,0
428.4346,0.49880000000000063,117.84000000000002,8,8,4,0,0,0,4,0,0,0,0,0
251.29919999999998,1.9081999999999997,30.49,3,3,1,0,0,0,2,0,0,1,0,0
958.2316999999999,5.764000000000014,220.45999999999995,22,15,8,0,0,0,6,0,0,0,1,0
385.4217,-1.5922999999999927,121.28000000000002,10,9,7,0,0,0,1,0,0,4,1,0
417.4178999999999,-0.9083999999999932,76.3,4,9,4,0,0,0,2,0,0,4,3,0
437.51969999999994,1.257700000000005,121.08000000000001,10,9,7,0,0,0,0,0,1,4,1,0
475.35959999999994,2.2271,57.79,8,6,3,0,0,0,2,0,0,3,1,0
485.94149999999996,1.121500000000003,90.05000000000001,12,8,5,0,0,0,2,0,0,4,1,0
306.3712,-0.21509999999999574,77.38,5,6,5,0,0,0,0,0,1,4,0,0
533.5752,3.2199000000000026,66.03999999999999,10,7,4,0,0,0,0,0,0,3,2,0
615.3967,1.0944000000000025,114.7,9,9,6,0,0,0,0,0,0,2,3,0
440.5045999999999,1.6535000000000035,98.05,8,8,5,0,0,0,1,0,1,3,1,0
