,molecular mass,mlogp,tpsa,HAccept,HDon,nrotate,carboxylic acid,carboxylate,ester,ether,alcohol,amide,primary amine,secondary amine,4 valenced nitrogen,tertiary amine,keton,cyanide,epoxide,sulfonyl,cyclohexane,piperidine,pyrrolidine,benzene,Methoxybenzene,methylaniline,Phenethylamine,pyridine,pyrrole,fluorine,lat1,lacc,6 atom ring,common atoms in fused 6 atom rings,opioid feature
0,318.43554,0.0443000000000038,80.23,2,0,11,0,0,0,1,0,0,0,2,0,1,0,0,0,0,0,0,0,0,0,0,0,0,0,0,0,2,0,0,0
0,252.33924,-1.7746,86.17,6,3,9,0,0,0,0,0,0,0,3,0,0,0,1,0,0,0,0,0,0,0,0,0,0,0,0,0,0,0,0,0
0,345.41606,1.1321,74.78,6,1,5,0,0,0,2,0,0,0,1,0,0,0,0,0,0,0,0,0,1,1,2,0,1,0,0,0,0,2,0,0
0,369.3614696,2.1937,65.55,8,1,5,0,0,0,1,0,0,0,1,0,0,0,0,0,0,0,0,0,1,0,2,0,1,0,3,0,0,2,0,0
0,320.40334,1.2672,62.22,5,1,5,0,0,1,0,1,0,0,0,1,0,0,0,1,0,0,1,0,1,0,0,0,0,0,0,0,3,3,1,0
0,392.5106,4.51710000000001,49.69,4,1,5,0,0,1,0,1,0,0,0,1,0,0,0,0,0,0,1,1,0,0,0,0,0,0,0,0,6,3,0,0
0,299.79638,0.595900000000001,70.75,5,3,8,0,0,0,1,0,1,1,0,0,1,0,0,0,0,0,0,0,1,1,1,0,0,0,0,0,0,1,0,0
0,425.91126,1.0428,74.24,7,2,5,0,0,0,0,0,4,0,0,0,1,0,0,0,0,0,1,0,2,0,4,0,0,0,0,0,3,3,0,0
0,651.78472,1.67140000000001,126.77,12,2,24,0,0,0,9,2,0,0,0,0,1,0,0,0,0,1,1,0,0,0,0,0,0,0,0,0,2,4,6,0
0,570.63556,1.1707,138.71,10,4,7,0,0,0,1,3,1,0,0,0,1,0,0,0,0,0,1,0,0,0,0,0,0,0,0,0,5,5,6,0
0,367.87034,0.755000000000002,79.98,6,3,7,0,0,0,2,0,1,1,0,0,1,0,0,0,0,0,1,0,0,0,0,0,0,0,0,0,4,2,0,0
0,285.33766,1.006,52.93,4,2,0,0,0,0,1,2,0,0,0,0,1,0,0,0,0,0,1,0,0,0,0,0,0,0,0,0,1,2,-1,0
0,477.03752,6.02800000000001,46.94,4,1,8,0,0,0,0,1,1,0,0,0,1,0,0,0,0,0,1,0,3,0,0,1,0,0,0,0,3,4,0,0
0,239.74112,2.9215,32.26,2,1,3,0,0,0,0,0,0,0,1,0,0,1,0,0,0,0,0,0,1,0,0,1,0,0,0,0,0,1,0,0
0,494.00352,3.7192,126.24,8,3,11,0,0,0,1,0,2,0,0,0,0,0,0,0,1,1,0,0,2,1,0,1,0,0,0,0,1,3,0,0
0,356.4387,2.4195,73.75,5,1,7,0,0,0,1,0,1,0,0,0,0,0,0,0,0,0,0,0,1,1,0,0,1,0,0,0,3,2,0,0
0,444.5157032,3.0638,90.15,6,4,5,0,0,0,1,4,0,0,0,0,0,0,0,0,0,0,0,0,1,0,0,0,0,0,1,0,1,3,0,0
0,315.41,0.384900000000002,95.74,5,3,4,0,0,0,0,1,1,1,0,0,0,0,1,0,0,4,1,1,0,0,0,0,0,0,0,0,2,5,14,0
0,161.1989,-1.2457,60.69,4,1,4,0,1,0,0,1,0,0,0,1,0,0,0,0,0,0,0,0,0,0,0,0,0,0,0,0,1,0,0,0
0,308.32794,2.8383,69.92,4,1,4,0,0,1,0,1,0,0,0,0,0,1,0,0,0,0,0,0,1,1,0,0,0,0,0,0,1,3,2,0
0,180.15742,0.2108,69.92,4,1,3,1,0,1,0,0,0,0,0,0,0,0,0,0,0,0,0,0,1,1,0,0,0,0,0,0,0,1,0,0
0,435.88132,0.293400000000002,97.66,8,1,6,0,0,1,1,0,3,0,0,0,0,0,0,0,0,0,0,0,1,0,2,0,0,0,0,0,0,2,0,0
0,548.0575,-1.82019999999999,147.55,11,3,10,0,0,0,0,0,4,0,0,0,1,0,0,0,0,1,0,0,0,0,0,0,1,0,0,0,1,3,0,0
0,182.17176,-3.5854,121.38,6,6,5,0,0,0,0,6,0,0,0,0,0,0,0,0,0,0,0,0,0,0,0,0,0,0,0,0,0,0,0,0
0,780.93846,2.0898,206.22,14,6,7,0,0,1,6,6,0,0,0,0,0,0,0,0,0,3,0,0,0,0,0,0,0,0,0,0,3,6,4,0
0,324.41676,2.2609,44.73,4,1,4,0,0,0,1,1,0,0,0,0,1,0,0,0,0,0,1,0,1,1,1,0,0,0,0,0,2,5,12,0
0,305.75614,1.1123,72.72,4,4,1,0,0,0,0,3,0,0,1,0,0,0,0,0,0,0,0,0,2,3,0,1,0,0,0,0,1,2,0,0
0,180.16402,-2.6971,71,6,1,0,0,0,0,0,0,2,0,0,0,1,0,0,0,0,0,0,0,0,0,0,0,0,0,0,0,0,1,0,0
0,253.26264,-2.1725,126.18,7,6,1,0,0,0,0,0,0,0,0,0,0,0,0,0,0,0,0,0,1,0,0,2,0,0,0,0,0,3,2,0
0,272.3638,1.7891,84.75,5,3,6,0,0,0,0,1,0,0,1,0,0,0,0,0,1,0,0,0,1,0,1,1,0,0,0,0,0,1,0,0
0,266.33608,0.601,73.75,5,3,8,0,0,0,1,1,1,0,1,0,0,0,0,0,0,0,0,0,1,1,1,0,0,0,0,0,0,1,0,0
0,363.49432,1.851,85.78,6,4,9,0,0,0,1,1,2,0,1,0,0,0,0,0,0,1,0,0,1,1,1,0,0,0,0,0,0,2,0,0
0,265.34802,2.0997,50.72,4,2,9,0,0,0,2,1,0,0,1,0,0,0,0,0,0,0,0,0,1,2,0,0,0,0,0,0,0,1,0,0
0,309.40058,1.0525,81.95,5,4,5,0,0,0,1,3,0,0,1,0,0,0,0,0,0,0,0,0,1,1,0,0,0,0,0,0,2,2,2,0
0,248.3208,0.8925,53.52,4,3,6,0,0,0,1,1,0,0,2,0,0,0,0,0,0,0,0,0,1,1,1,1,0,1,0,0,0,1,0,0
0,266.33608,0.5879,87.74,5,4,8,0,0,0,1,1,0,0,1,0,0,0,0,0,0,0,0,0,1,1,0,1,0,0,0,0,1,1,0,0
0,267.3639,1.9572,50.72,4,2,9,0,0,0,2,1,0,0,1,0,0,0,0,0,0,0,0,0,1,1,0,0,0,0,0,0,1,1,0,0
0,259.34344,2.7208,41.49,3,2,6,0,0,0,1,1,0,0,1,0,0,0,0,0,0,0,0,0,2,1,0,0,0,0,0,0,0,2,2,0
0,418.44034,1.5792,123.88,9,1,10,0,0,2,1,0,0,0,1,0,0,0,0,0,0,0,0,0,0,0,0,0,0,0,0,0,0,2,0,0
0,454.60162,4.3498,66.18,6,0,14,0,0,0,4,0,0,0,0,0,1,0,1,0,0,0,0,0,2,4,0,2,0,0,0,0,3,2,0,1
0,459.5502632,3.255,102.18,7,3,12,1,0,0,1,2,0,0,0,0,0,0,0,0,0,0,0,0,1,0,0,0,0,0,1,0,2,2,0,0
0,242.6987,2.6865,38.69,3,0,5,0,0,1,1,0,0,0,0,0,0,0,0,0,0,0,0,0,1,1,0,0,0,0,0,0,0,1,0,0
0,60.05526,-1.8203,72.27,3,4,0,0,0,0,0,0,0,0,0,0,0,0,0,0,0,0,0,0,0,0,0,0,0,0,0,0,0,0,0,0
0,323.12938,0.0591,116.42,7,3,7,0,0,0,0,2,1,0,0,0,0,0,0,0,0,0,0,0,0,0,0,0,0,0,0,0,0,1,0,0
0,364.4161,2.1762,128.2,7,4,8,1,0,0,1,0,0,0,1,0,0,0,0,0,1,0,0,0,2,1,1,0,0,0,0,0,2,2,0,0
0,474.5764,0.666400000000005,115.73,10,1,7,0,0,0,1,0,1,0,0,0,1,0,0,0,1,0,0,0,1,1,0,0,0,0,0,0,2,3,0,0
0,489.9221264,4.0361,96.78,8,2,7,0,0,0,0,0,0,0,1,0,0,1,0,0,1,0,0,0,2,0,1,1,1,1,2,0,1,3,0,0
0,230.25916,2.1646,49.69,3,1,3,1,0,0,1,0,0,0,0,0,0,0,0,0,0,0,0,0,2,1,0,0,0,0,0,0,0,2,2,0
0,272.38196,3.3608,40.46,2,2,0,0,0,0,0,2,0,0,0,0,0,0,0,0,0,1,0,0,1,1,0,0,0,0,0,0,2,3,4,0
0,357.48644,4.3351,52.93,4,1,11,0,0,1,0,1,0,0,0,0,1,0,0,0,0,1,0,0,1,0,0,0,0,0,0,0,0,2,0,0
0,325.48764,5.48890000000001,23.47,2,1,7,0,0,0,0,1,0,0,0,0,1,0,0,0,0,0,0,0,2,1,0,0,0,0,0,0,1,2,0,0
0,362.46474,3.8341,35.94,4,0,4,0,0,1,0,0,1,0,0,0,1,0,0,0,0,0,1,0,2,0,0,1,0,0,0,0,3,6,12,0
0,426.55,5.3277,58.72,4,2,7,0,0,0,1,0,0,0,0,0,1,0,0,0,0,0,0,1,3,1,0,2,0,0,0,0,3,3,0,1
0,457.47638,-3.02849999999999,174.11,10,6,3,0,0,0,0,4,0,0,0,0,2,2,0,0,0,0,0,0,1,1,1,0,0,0,0,0,2,4,6,1
0,556.6505,-2.16669999999999,186.14,11,7,6,0,0,0,0,4,0,0,1,0,2,2,0,0,0,0,0,0,1,1,1,0,0,0,0,0,2,4,6,1
0,347.38888,-0.807099999999998,122.21,7,4,5,1,0,0,0,0,2,1,0,0,0,0,0,0,0,0,0,0,1,0,0,1,0,0,0,0,0,1,0,0
0,383.4625,-1.9727,119.66,8,3,6,1,0,0,0,1,1,0,1,0,1,0,0,0,0,0,0,1,0,0,0,0,0,1,0,0,1,0,0,0
0,420.50426,-1.7238,174.7,10,6,7,1,0,0,0,1,0,0,1,0,1,0,0,0,0,0,0,1,0,0,0,0,0,1,0,0,1,0,0,0
0,350.39282,-3.84859999999999,106.54,8,1,4,0,1,0,0,1,1,0,0,0,0,0,0,0,0,0,0,0,0,0,0,0,0,1,0,0,0,0,0,0
0,333.3574032,-0.657599999999997,70.41,7,1,3,1,0,0,0,0,0,0,0,0,3,1,0,0,0,0,0,0,1,0,2,0,0,0,1,0,0,3,2,2
0,320.3188832,-1.88529999999999,91.23,8,2,3,1,0,0,0,0,0,0,1,0,2,1,0,0,0,0,0,0,0,0,0,0,0,0,1,0,0,3,2,0
0,392.3997864,-1.1951,105.22,9,4,3,1,0,0,0,0,0,1,1,0,2,1,0,0,0,0,0,0,1,0,3,0,0,0,2,0,2,3,2,2
0,361.3675032,-1.2803,79.64,8,1,2,1,0,0,1,0,0,0,0,0,3,1,0,0,0,0,0,0,1,1,2,0,0,0,1,0,0,4,5,2
0,331.3415232,-0.857299999999998,79.2,7,2,3,1,0,0,0,0,0,0,1,0,2,1,0,0,0,0,0,0,1,0,2,0,0,0,1,0,2,3,2,2
0,319.3308232,-0.999799999999997,79.2,7,2,3,1,0,0,0,0,0,0,1,0,2,1,0,0,0,0,0,0,1,0,2,0,0,0,1,0,0,3,2,2
0,1155.43392,-8.1217,525.42,29,23,32,0,0,0,0,2,11,0,0,0,0,0,0,0,0,0,0,0,0,0,0,0,0,0,0,0,12,0,0,0
0,238.15704,-2.424,120.69,9,1,4,0,0,0,1,0,2,0,0,0,0,0,0,0,0,0,0,0,0,0,0,0,0,0,0,0,0,0,0,0
0,1140.23692,-1.7729,377.54,24,14,14,0,0,0,1,9,7,0,0,0,0,0,0,0,0,0,0,2,4,2,0,0,0,0,0,0,5,4,0,0
0,153.13538,-1.2146,86.71,4,4,1,1,0,0,0,1,0,1,0,0,0,0,0,0,0,0,0,0,1,1,1,0,0,0,0,0,0,1,0,0
0,822.94022,-0.0668999999999885,229.3,16,6,6,0,0,1,3,5,1,0,0,0,1,1,0,0,0,0,0,0,1,2,1,0,0,0,0,0,0,3,2,0
0,225.20464,-3.7363,115.04,8,4,4,0,0,0,1,1,1,0,0,0,1,0,0,0,0,0,0,0,0,0,0,0,0,0,0,0,0,1,0,0
0,670.8408,2.43610000000001,178.53,11,6,15,0,0,0,0,1,3,0,0,0,1,0,0,0,0,1,1,0,2,0,1,1,0,0,0,0,3,5,4,0
0,567.7824,4.0741,108.22,7,4,11,0,0,0,0,2,2,0,0,0,1,0,0,0,0,1,1,0,2,1,0,0,0,0,0,0,1,4,2,0
0,236.22728,-2.4901,89.02,7,2,2,0,0,0,1,1,1,0,0,0,1,0,0,0,0,0,0,0,0,0,0,0,0,0,0,0,2,1,0,0
0,211.21782,-1.6602,90.98,6,3,2,0,0,0,1,1,2,0,0,0,0,0,0,0,0,0,0,0,0,0,0,0,0,0,0,0,2,1,0,0
0,224.21328,-1.3806,85.19,6,2,2,0,0,0,1,1,2,0,0,0,0,0,0,0,0,0,0,0,0,0,0,0,0,0,0,0,0,1,0,0
0,456.56112,0.782700000000004,115.29,9,3,7,0,0,0,0,0,1,0,2,0,1,0,0,0,1,0,0,0,1,0,2,0,0,1,0,0,0,3,0,0
0,312.40452,0.9489,96.97,6,3,9,0,0,1,1,0,1,1,0,0,0,0,0,0,0,0,0,0,0,0,0,0,0,0,0,0,3,1,0,0
0,286.33232,-1.782,97.61,7,4,4,0,0,0,0,1,0,0,1,0,1,0,0,0,0,0,0,0,0,0,0,0,0,0,0,0,3,1,0,0
0,304.21216,2.8058,43.7,3,1,9,1,0,0,0,0,0,0,0,0,1,0,0,0,0,0,0,0,1,0,1,0,0,0,0,0,3,1,0,1
0,305.20022,1.3529,69.72,4,3,8,1,0,0,0,0,0,1,0,0,1,0,0,0,0,0,0,0,1,0,1,1,0,0,0,1,1,1,0,1
0,646.6409,5.29650000000001,113.62,7,2,13,0,0,1,0,2,0,0,0,0,1,2,0,0,0,2,0,0,1,0,1,0,0,0,0,0,3,4,4,1
0,246.30176,2.3906,99.38,6,0,7,0,0,0,0,0,0,0,0,0,0,0,0,0,2,0,0,0,0,0,0,0,0,0,0,0,2,0,0,0
0,214.04986,-0.474700000000001,67.76,5,1,7,0,0,0,0,0,2,0,0,0,0,0,0,0,0,0,0,0,0,0,0,0,0,0,0,0,0,0,0,0
0,427.41064,-2.83359999999999,195.52,11,7,10,2,0,0,0,0,2,0,2,0,0,0,0,0,0,0,0,0,1,0,0,0,0,1,0,0,4,2,0,0
0,263.1981464,-2.4442,111.21,9,4,2,0,0,0,1,2,2,0,0,0,0,0,0,0,0,0,0,0,0,0,0,0,0,0,2,0,0,1,0,0
0,810.97412,2.74890000000001,159.82,13,3,10,0,0,3,1,2,0,0,1,0,3,0,0,0,0,1,1,1,2,1,2,2,0,2,0,0,6,5,1,2
0,853.90614,3.1629,240.25,15,4,15,0,0,4,1,3,1,0,0,0,0,1,0,0,0,1,0,0,3,0,0,0,0,0,0,0,1,5,0,0
0,527.51986,-1.5327,195.32,11,6,4,0,0,0,3,4,0,1,0,0,0,3,0,0,0,0,0,0,2,3,0,0,0,0,0,0,3,5,6,0
0,506.69778,2.8429,117.51,7,3,3,0,0,0,0,2,1,0,0,0,0,1,0,1,0,0,0,0,0,0,0,0,0,0,0,0,5,0,0,0
0,581.0575432,4.42830000000001,107.04,9,2,11,0,0,0,2,0,0,0,2,0,0,0,0,0,1,0,0,0,3,1,2,0,0,0,1,0,0,4,2,0
0,958.22442,5.76400000000001,220.46,15,3,9,1,0.5,1,5,2,1,0,0,0,0,3,0,0,0,1,1,0,0,0,0,0,0,0,0,0,9,3,0,0
0,437.51802,1.25770000000001,121.08,9,3,5,0,0,0,0,0,0,0,1,0,1,0,0,0,1,0,0,0,1,0,1,0,0,0,0,0,0,3,0,0
0,475.3539632,2.2271,57.79,7,1,6,0,0,0,2,0,0,0,1,0,1,0,0,0,0,0,1,0,2,2,2,0,0,0,1,0,2,4,2,0
0,485.9384032,1.1215,90.05,9,2,10,0,0,0,2,0,1,0,1,0,1,0,0,0,0,0,0,0,2,1,3,0,0,0,1,0,1,3,2,0
0,306.36502,-0.215099999999997,77.38,6,1,5,0,0,0,0,0,0,0,1,0,0,0,1,0,0,0,0,0,0,0,0,0,0,1,0,0,1,1,0,0
0,533.5674296,3.2199,66.04,10,2,8,0,0,0,0,0,1,0,1,0,2,0,0,0,0,0,0,0,2,0,1,0,0,0,3,0,0,4,0,1
0,615.3947932,1.0944,114.7,10,2,6,0,0,0,0,0,4,0,1,0,0,0,0,0,0,0,0,0,2,0,3,0,0,0,1,0,2,4,2,0
0,440.49706,1.6535,98.05,8,2,6,0,0,0,1,0,1,0,0,0,0,0,0,0,0,0,1,0,2,1,0,0,0,0,0,0,2,4,0,0
0,499.60732,0.657500000000007,87.3,9,2,11,0,0,0,1,0,1,0,1,0,3,0,0,0,0,0,0,0,2,1,4,2,0,1,0,0,0,3,0,2
0,486.58864,1.457,84.06,8,2,8,0,0,0,1,0,1,0,1,0,2,0,0,0,0,0,0,0,2,1,3,0,0,0,0,0,0,4,0,1
0,584.092422,1.45140000000001,87.3,9,2,8,0,0,0,1,0,0,0,2,0,3,0,0,0,0,0,1,0,2,1,3,0,0,0,0,0,2,5,0,1
0,406.4129632,-0.565299999999995,112.04,9,2,1,0,0,0,1,0,1,0,0,0,0,0,1,0,0,0,0,0,1,0,0,0,1,0,1,0,0,2,0,0
0,540.0106832,0.534000000000006,145.34,12,3,11,0,0,1,0,0,1,0,1,0,0,0,0,0,1,0,0,0,1,0,1,0,0,0,1,0,0,2,0,0
0,469.9390032,1.8867,80.82,8,2,9,0,0,0,1,0,1,0,1,0,1,0,0,0,0,0,1,0,2,1,3,0,0,0,1,0,3,4,2,0
0,391.41984,1.617,73.01,7,1,3,0,0,0,4,0,0,0,1,0,0,0,0,0,0,0,0,0,2,2,2,0,0,0,0,0,0,3,2,0
0,428.4351864,-0.306499999999994,86.27,10,2,5,0,0,0,0,1,2,0,0,0,1,0,0,0,0,0,0,2,1,0,0,0,0,0,2,0,3,2,0,1
0,560.6374664,2.53290000000001,84.06,10,3,8,0,0,0,1,0,1,0,1,0,2,0,0,0,0,0,0,0,3,0,3,0,0,0,2,0,3,5,0,1
0,384.2372,-0.870499999999995,129.04,8,4,11,0,0,0,0,0,2,0,0,0,0,0,0,0,0,0,0,0,1,0,0,1,0,0,0,0,2,2,0,0
0,729.89656,3.38960000000001,149.55,12,3,4,0,0,0,9,1,0,0,0,0,0,1,0,0,0,0,0,0,0,0,0,0,0,0,0,0,13,3,2,0
0,434.4628232,1.3965,91.23,8,1,6,0,0,0,0,0,2,0,0,0,0,0,0,0,0,0,0,0,2,0,0,1,0,0,1,0,3,4,2,0
0,380.3508664,-0.046399999999996,83.62,9,2,2,0,0,0,0,0,0,0,1,0,0,0,0,0,0,0,0,0,2,0,1,0,0,0,2,0,0,4,5,0
0,582.9608896,1.2459,129.28,12,1,10,0,0,0,0,0,3,0,0,0,0,0,1,0,0,0,0,1,1,0,0,1,1,0,3,0,4,3,0,0
0,606.770796,9.1597,60.69,8,2,14,0,0,0,0,2,0,0,0,0,0,0,0,0,0,1,0,0,1,1,0,0,0,0,5,0,11,3,4,0
0,293.36626,1.3135,79.34,5,0,6,0,0,0,0,0,0,0,0,0,0,0,2,0,0,0,0,0,1,0,0,2,0,0,0,0,0,1,0,0
0,285.30274,1.21,79.34,5,0,5,0,0,0,0,0,0,0,0,0,0,0,2,0,0,0,0,0,2,0,0,0,0,0,0,0,0,2,0,0
0,111.14506,-1.1459,50.08,3,3,2,0,0,0,0,0,0,0,1,0,0,0,0,0,0,0,0,0,0,0,0,0,0,0,0,0,1,0,0,0
0,312.3696,-1.29219999999999,88.82,7,1,5,0,0,0,0,0,1,0,1,0,1,0,1,0,0,0,1,0,0,0,0,0,0,1,0,0,2,2,0,0
0,1202.61124,1.20279999999999,313.56,23,5,16,0,0,0,0,1,11,0,0,0,0,0,0,0,0,0,0,0,0,0,0,0,0,0,0,0,6,0,0,0
0,454.43928,-4.8688,216.58,13,7,10,2,0,0,0,0,1,0,0,0,1,0,0,0,0,0,0,0,1,0,1,0,0,0,0,0,2,3,2,1
0,259.26062,-1.2472,101.98,6,3,1,0,0,0,0,0,2,1,0,0,0,0,0,0,0,0,0,0,1,0,1,0,0,0,0,0,2,2,0,0
0,287.35354,2.0392,61.72,4,2,4,1,0,0,1,0,0,0,1,0,0,0,0,0,0,0,0,0,1,0,1,0,0,1,0,0,4,2,0,0
0,255.26862,1.0912,63.93,4,1,3,1,0,0,0,0,0,0,0,0,1,1,0,0,0,0,0,1,1,0,0,1,0,1,0,0,1,1,0,1
0,241.2851,2.2702,52.49,3,2,3,1,0,0,0,0,0,0,1,0,0,0,0,0,0,0,0,0,2,0,1,0,0,0,0,0,0,2,0,0
0,381.3721696,4.258,81.75,8,2,3,0,0,0,0,0,0,0,0,0,0,0,0,0,1,0,0,0,2,0,1,0,0,0,3,0,0,2,0,0
0,314.35566,4.0869,69.92,4,0,3,0,0,1,0,0,0,0,0,0,0,0,0,0,1,0,0,0,2,0,0,0,0,0,0,0,0,2,0,0
0,314.35896,3.6579,87.74,5,2,3,0,0,0,0,0,0,0,0,0,0,0,0,0,1,0,0,0,2,0,0,1,0,0,0,0,0,2,0,0
0,358.8419,3.8992,64.52,4,0,3,0,0,0,0,0,0,0,0,0,0,0,0,0,1,0,0,0,1,0,0,1,2,0,0,0,0,3,0,0
0,308.3743,3.6276,46.94,4,0,5,0,0,0,0,0,2,0,0,0,0,0,0,0,0,0,0,0,2,0,2,0,0,0,0,0,3,2,0,0
0,557.82738,5.54950000000001,62.16,6,0,6,0,0,2,0,0,0,0,0,1,1,0,0,0,0,3,2,0,0,0,0,0,0,0,0,0,6,5,4,0
0,602.89118,3.2171,65.4,8,0,6,0,0,2,0,0,0,0,0,2,6,0,0,0,0,3,0,0,0,0,0,0,0,0,0,0,0,5,4,0
0,1035.22232,4.70700000000002,169.68,18,0,29,0,0,2,12,0,0,0,0,2,4,0,0,0,0,0,0,0,4,12,0,2,0,0,0,0,8,6,4,1
0,529.77422,4.4233,62.16,6,1,6,0,0,1,1,1,0,0,0,1,1,0,0,0,0,3,0,1,0,0,0,0,0,0,0,0,2,4,4,0
0,1029.2608,7.01760000000002,151.22,16,0,31,0,0,2,10,0,0,0,0,2,4,0,0,0,0,0,0,0,4,10,0,2,0,0,0,0,10,6,4,1
0,929.14498,6.59750000000001,132.76,14,0,26,0,0,2,8,0,0,0,0,2,4,0,0,0,0,0,0,0,4,8,0,2,0,0,0,0,9,6,4,1
0,260.32996,0.3345,96.97,6,3,10,0,0,2,0,0,1,0,0,0,0,0,0,0,0,0,0,0,0,0,0,0,0,0,0,0,2,0,0,0
0,213.66078,1.0597,66.48,3,3,4,1,0,0,0,0,0,0,0,0,0,0,0,0,0,0,0,0,1,0,0,1,0,0,0,0,1,1,0,0
0,275.38744,5.35100000000001,3.24,1,0,4,0,0,0,0,0,0,0,0,0,1,0,0,0,0,0,0,0,2,0,0,0,0,0,0,0,1,2,0,0
0,314.253,-0.822699999999996,120.69,9,1,5,0,0,0,1,0,2,0,0,0,0,0,0,0,0,0,0,0,1,0,1,0,0,0,0,0,0,1,0,0
0,399.437,1.55,89.41,7,1,6,0,0,0,4,0,1,0,0,0,0,1,0,0,0,0,0,0,1,3,0,0,0,0,0,0,2,1,0,0
0,168.0377992,2.0835,9.23,7,0,2,0,0,0,1,0,0,0,0,0,0,0,0,0,0,0,0,0,0,0,0,0,0,0,6,0,0,0,0,0
0,242.33782,0.862,64.52,4,2,4,0,0,0,0,0,2,0,0,0,0,0,0,0,0,0,0,0,0,0,0,0,0,0,0,0,3,1,0,0
0,416.51718,0.668100000000003,86.71,9,0,10,0,0,0,1,0,3,0,0,0,1,0,0,0,0,0,1,0,1,0,1,0,0,0,0,0,3,2,0,0
0,236.3101,1.1807,58.72,4,2,7,0,0,1,0,0,0,1,0,0,1,0,0,0,0,0,0,0,1,0,1,0,0,0,0,0,0,1,0,0
0,288.42772,3.3737,35.5,3,1,6,0,0,0,0,0,1,0,0,0,1,0,0,0,0,0,1,0,1,0,1,0,0,0,0,0,5,2,0,0
0,315.36364,0.774999999999999,62.16,5,1,1,0,0,0,2,1,0,0,0,0,1,1,0,0,0,1,1,0,1,2,0,1,0,0,0,0,2,4,7,1
0,339.47116,5.21860000000001,32.7,3,0,9,0,0,1,0,0,0,0,0,0,1,0,0,0,0,0,0,0,2,0,0,0,0,0,0,0,2,2,0,0
0,285.42378,3.9301,23.47,2,1,3,0,0,0,0,1,0,0,0,0,1,0,0,0,0,0,1,0,1,1,0,1,0,0,0,0,2,3,5,1
0,314.48814,3.4741,15.27,2,1,4,0,0,0,0,0,0,0,1,0,1,0,0,0,0,0,1,0,1,0,1,1,0,1,0,0,3,3,4,1
0,263.3752,2.6745,32.7,3,1,4,0,0,0,1,1,0,0,0,0,1,0,0,0,0,1,0,0,1,1,0,0,0,0,0,0,0,2,0,0
0,335.4643,2.6076,67.76,5,2,5,0,0,0,0,0,0,0,1,0,1,0,0,0,1,0,1,0,1,0,1,1,0,1,0,0,3,2,0,0
0,269.34486,0.267200000000003,42.57,5,1,5,0,0,0,0,0,0,0,1,0,1,0,0,0,0,0,0,0,1,0,1,1,0,1,0,0,1,1,0,0
0,335.4643,2.7038,58.97,5,1,6,0,0,0,0,0,0,0,1,0,1,0,0,0,1,0,0,1,1,0,1,1,0,1,0,0,3,1,0,0
0,246.26186,0.410799999999999,75.96,5,1,2,0,0,0,0,0,2,0,0,0,0,0,0,0,0,0,0,0,1,0,0,2,0,0,0,0,1,2,0,0
0,252.26798,1.6729,64.52,4,2,2,0,0,0,0,0,2,0,0,0,0,0,0,0,0,0,0,0,2,0,0,1,0,0,0,0,0,2,0,0
0,141.16774,0.0328000000000001,52.49,3,1,1,0,0,0,0,0,1,0,0,0,0,0,0,0,0,0,0,0,0,0,0,0,0,0,0,0,2,0,0,0
0,236.26858,2.4344,49.49,3,2,1,0,0,0,0,0,1,0,0,0,0,0,0,0,0,0,0,0,0,0,0,0,0,0,0,0,0,2,0,0
0,238.1935264,-0.5668,73.55,7,2,3,0,0,0,0,0,0,0,0,0,0,0,0,0,0,0,0,0,1,0,0,0,0,0,2,0,0,1,0,0
0,144.21144,1.5135,40.46,2,1,5,1,0,0,0,0,0,0,0,0,0,0,0,0,0,0,0,0,0,0,0,0,0,0,0,0,4,0,0,0
0,375.548,3.6887,43.7,3,1,7,1,0,0,0,0,0,0,0,0,1,0,0,0,0,0,1,0,0,0,0,0,0,0,0,0,3,1,0,0
0,256.09138,-0.4056,88.13,5,4,1,0,0,0,0,0,0,0,0,0,0,0,0,0,0,0,0,0,1,0,0,2,0,0,0,0,0,2,0,0
0,339.36204,0.940400000000001,121.86,9,2,3,0,0,0,5,0,0,0,0,0,0,0,0,0,0,0,0,0,0,0,0,0,0,0,0,0,0,1,0,0
0,311.46106,4.61000000000001,23.47,2,1,5,0,0,0,0,1,0,0,0,0,1,0,0,0,0,0,1,0,1,0,0,0,0,0,0,0,4,3,0,0
0,197.18794,-1.4636,106.94,5,5,3,1,0,0,0,2,0,1,0,0,0,0,0,0,0,0,0,0,1,2,0,1,0,0,0,1,1,1,0,0
0,151.24868,1.9139,26.02,1,2,0,0,0,0,0,0,0,3,0,0,0,0,0,0,0,4,0,0,0,0,0,0,0,0,0,0,0,4,14,0
0,654.5945,1.82,123.93,10,3,6,1,0,0,1,0,3,0,1,0,1,0,0,0,0,0,0,1,1,0,1,1,0,1,0,0,4,4,4,1
0,187.28078,3.6871,3.24,1,0,5,0,0,0,0,0,0,0,0,0,1,0,0,0,0,0,0,0,1,0,0,1,0,0,0,0,1,1,0,1
0,305.286,-0.807599999999997,133.65,8,2,8,0,0,0,0,2,1,0,0,0,0,0,1,0,0,0,0,0,0,0,0,0,0,0,0,0,0,1,0,0
0,318.86416,3.8266,6.48,2,0,4,0,0,0,0,0,0,0,0,0,2,0,0,0,0,0,0,0,2,0,1,0,0,0,0,0,1,2,0,1
0,437.5215496,3.446,29.95,7,1,6,0,0,0,0,1,0,0,0,0,3,0,0,0,0,0,0,0,2,0,1,0,0,0,3,0,1,3,0,1
0,370.57454,4.87350000000001,6.48,2,0,4,0,0,0,0,0,0,0,0,0,2,0,0,0,0,0,1,0,2,0,1,0,0,0,0,0,4,3,0,1
0,386.57394,4.6145,26.71,3,0,4,0,0,0,0,0,0,0,0,0,2,0,0,0,0,0,1,0,2,0,1,0,0,0,0,0,4,3,0,1
0,375.8642232,4.2803,43.7,4,1,6,0,0,0,0,1,0,0,0,0,1,1,0,0,0,0,1,0,2,0,0,0,0,0,1,0,4,3,0,0
0,443.62526,4.7003,50.18,5,0,6,0,0,0,0,0,0,0,0,0,2,0,0,0,1,0,0,0,2,0,0,0,0,0,0,0,1,3,0,0
0,327.80802,2.267,27.74,4,0,1,0,0,0,1,0,0,0,0,0,2,0,0,0,0,0,0,0,2,1,1,0,0,0,0,0,0,3,0,1
0,312.4325,1.5316,30.54,4,1,1,0,0,0,0,0,0,0,1,0,2,0,0,0,0,0,0,0,1,0,2,0,0,0,0,0,0,2,0,0
0,383.5071,2.1454,47.97,5,1,6,0,0,0,1,1,0,0,0,0,2,0,0,0,0,0,0,0,2,0,1,0,0,0,0,0,0,3,0,1
0,410.4844832,2.237,60,7,0,4,0,0,0,0,0,1,0,0,0,1,0,0,0,0,0,2,0,1,1,0,0,0,0,1,0,6,4,2,0
0,448.38538,3.4072,47.97,5,1,7,0,0,0,1,0,1,0,0,0,2,0,0,0,0,0,0,0,2,1,2,0,0,0,0,0,4,4,2,1
0,427.41098,2.7473,41.98,5,1,7,0,0,0,0,0,2,0,0,0,2,0,0,0,0,1,0,0,1,0,1,0,0,0,0,0,1,3,0,1
0,284.74022,2.5648,35.5,3,0,1,0,0,0,0,0,1,0,0,0,0,0,0,0,0,0,0,0,2,0,1,0,0,0,0,0,0,2,0,0
0,286.71304,1.541,64.52,4,2,1,0,0,0,0,1,1,0,0,0,0,0,0,0,0,0,0,0,2,0,1,0,0,0,0,0,0,2,0,0
0,300.73962,2.1219,46.94,4,0,1,0,0,0,0,0,2,0,0,0,0,0,0,0,0,0,0,0,2,0,2,0,0,0,0,0,1,2,0,0
0,321.1581,1.7583,64.52,4,2,1,0,0,0,0,1,1,0,0,0,0,0,0,0,0,0,0,0,2,0,1,0,0,0,0,0,0,2,0,0
0,374.90428,3.3594,35.94,4,1,8,0,0,0,1,1,0,0,0,0,2,0,0,0,0,0,0,0,2,0,0,0,0,0,0,0,0,3,0,1
0,218.25022,-0.704799999999999,110.96,6,4,8,0,0,2,0,0,0,0,0,0,0,0,0,0,0,0,0,0,0,0,0,0,0,0,0,0,2,0,0,0
0,226.27222,-0.0755000000000003,84.75,5,2,4,0,0,0,0,0,2,0,0,0,0,0,0,0,0,0,0,0,0,0,0,0,0,0,0,0,3,1,0,0
0,232.23528,0.0685999999999993,84.75,5,2,2,0,0,0,0,0,2,0,0,0,0,0,0,0,0,0,0,0,1,0,0,2,0,0,0,0,1,2,0,0
0,262.30432,1.0469,75.96,5,1,6,0,0,0,0,0,2,0,0,0,0,0,0,0,0,0,0,0,0,0,0,0,0,0,0,0,2,1,0,0
0,218.25176,0.7502,64.52,4,2,2,0,0,0,0,0,2,0,0,0,0,0,0,0,0,0,0,0,1,0,0,2,0,0,0,0,1,2,0,0
0,226.27222,-0.0755000000000003,84.75,5,2,4,0,0,0,0,0,2,0,0,0,0,0,0,0,0,0,0,0,0,0,0,0,0,0,0,0,3,1,0,0
0,403.96864,2.8749,29.95,4,1,6,0,0,0,0,1,0,0,0,0,3,0,0,0,0,0,0,0,2,0,1,0,0,0,0,0,1,3,0,1
0,313.2831832,1.3544,79.2,7,0,2,0,0,0,0,0,1,0,0,0,0,0,0,0,0,0,0,0,1,0,0,0,0,0,1,0,0,2,0,0
0,343.20998,2.6138,39.33,4,0,1,0,0,0,0,0,0,0,0,0,1,0,0,0,0,0,0,0,2,0,1,0,0,0,0,0,0,2,0,1
0,300.73962,1.8832,55.73,4,1,1,0,0,0,0,1,1,0,0,0,0,0,0,0,0,0,0,0,2,0,1,0,0,0,0,0,0,2,0,0
0,325.7673232,2.8824,27.3,4,0,1,0,0,0,0,0,0,0,0,0,1,0,0,0,0,0,0,0,2,0,1,0,0,0,1,0,0,2,0,1
0,308.39748,2.4812,38.74,4,1,4,0,0,0,0,0,1,0,1,0,1,0,0,0,0,0,0,0,1,0,0,1,0,0,0,0,1,2,0,1
0,305.3339,0.288500000000004,76.79,6,0,5,0,0,0,0,0,1,0,0,0,0,0,1,0,0,0,0,0,1,0,1,0,0,0,0,0,0,2,0,0
0,303.35294,1.1226,65.46,5,1,5,0,0,1,0,1,0,0,0,0,1,0,0,1,0,0,1,1,1,0,0,0,0,0,0,0,2,3,3,0
0,266.38068,3.8093,15.27,2,1,4,0,0,0,0,0,0,0,1,0,1,0,0,0,0,0,0,0,2,0,1,0,0,0,0,0,3,2,0,1
0,280.40726,4.1515,6.48,2,0,4,0,0,0,0,0,0,0,0,0,2,0,0,0,0,0,0,0,2,0,1,0,0,0,0,0,3,2,0,1
0,314.85232,4.3688,6.48,2,0,4,0,0,0,0,0,0,0,0,0,2,0,0,0,0,0,0,0,2,0,1,0,0,0,0,0,3,2,0,1
0,277.40332,5.35100000000001,3.24,1,0,4,0,0,0,0,0,0,0,0,0,1,0,0,0,0,0,0,0,2,0,0,0,0,0,0,0,3,2,0,0
0,263.37674,5.00880000000001,12.03,1,1,4,0,0,0,0,0,0,0,1,0,0,0,0,0,0,0,0,0,2,0,0,0,0,0,0,0,3,2,0,0
0,279.37614,4.3398,12.47,2,0,4,0,0,0,1,0,0,0,0,0,1,0,0,0,0,0,0,0,2,1,0,0,0,0,0,0,1,2,0,0
0,277.40332,5.00880000000001,12.03,1,1,4,0,0,0,0,0,0,0,1,0,0,0,0,0,0,0,0,0,2,0,0,0,0,0,0,0,4,5,14,0
0,329.3654032,3.051,39.72,5,1,4,0,0,0,3,0,0,0,1,0,0,0,0,0,0,0,1,0,2,3,0,0,0,0,1,0,1,3,0,0
0,306.22958,4.8057,12.03,1,1,2,0,0,0,0,0,0,0,1,0,0,0,0,0,0,0,0,0,2,0,0,0,0,0,0,0,2,3,2,0
0,231.25052,0.6613,65.55,5,2,5,0,0,0,0,0,0,0,0,0,0,0,0,0,0,0,0,0,1,0,0,0,0,0,0,0,0,1,0,0
0,136.19428,1.4201,38.05,2,3,3,0,0,0,0,0,0,0,0,0,0,0,0,0,0,0,0,0,1,0,0,1,0,0,0,0,1,1,0,0
0,264.3648,3.3713,6.48,2,0,0,0,0,0,0,0,0,0,0,0,2,0,0,0,0,0,0,0,2,0,1,1,0,0,0,0,1,3,0,2
0,371.86388,1.4522,45.22,6,0,5,0,0,0,0,0,2,0,0,0,2,0,0,0,0,0,0,0,1,0,1,0,0,0,0,0,1,3,0,1
0,470.00688,3.0276,54.45,7,0,10,0,0,0,1,0,2,0,0,0,2,0,0,0,0,0,0,0,2,1,1,0,0,0,0,0,2,3,0,1
0,265.35286,2.1382,18.51,3,0,0,0,0,0,0,0,0,0,0,0,2,0,0,0,0,0,0,0,1,0,0,1,0,0,0,0,1,3,0,2
0,436.9522,4.1517,96.19,6,2,8,1,0,0,0,0,0,0,1,0,0,0,0,0,1,0,0,0,2,0,1,0,0,0,0,0,5,2,0,0
0,277.40178,3.0646,32.7,3,1,5,0,0,0,1,1,0,0,0,0,1,0,0,0,0,1,0,0,1,1,0,1,0,0,0,0,0,2,0,1
0,263.3752,2.4105,43.7,3,2,4,0,0,0,0,2,0,0,0,0,1,0,0,0,0,1,0,0,1,1,0,1,0,0,0,0,0,2,0,1
0,298.44568,3.7607,15.27,2,1,3,0,0,0,0,0,0,0,1,0,1,0,0,0,0,0,0,0,2,0,1,0,0,0,0,0,0,3,0,1
0,135.20622,2.304,26.02,1,2,2,0,0,0,0,0,0,1,0,0,0,0,0,0,0,0,0,0,1,0,0,1,0,0,0,0,1,1,0,0
0,233.30616,2.2898,41.49,3,1,4,0,0,1,0,0,0,0,1,0,0,0,0,0,0,0,1,0,1,0,0,1,0,0,0,0,3,2,0,0
0,176.17202,0.115799999999999,67.51,4,2,1,0,0,0,1,0,1,0,0,0,0,0,0,0,0,0,0,0,1,0,0,1,0,0,0,0,0,1,0,0
0,255.35474,4.1401,21.26,2,1,6,0,0,0,1,0,0,0,1,0,0,0,0,0,0,0,0,0,2,1,0,0,0,0,0,0,1,2,0,0
0,309.3261296,4.6825,21.26,5,1,6,0,0,0,1,0,0,0,1,0,0,0,0,0,0,0,0,0,2,1,0,0,0,0,3,0,1,2,0,0
0,250.33668,1.7395,35.94,4,0,6,0,0,1,0,0,1,0,0,0,1,0,0,0,0,0,0,0,1,1,0,0,0,0,0,0,0,1,0,1
0,287.35354,1.6617,41.93,4,1,1,0,0,0,2,1,0,0,0,0,1,0,0,0,0,0,0,0,1,2,0,0,0,0,0,0,2,2,0,1
0,379.49196,4.1058,41.93,4,0,6,0,0,0,2,0,0,0,0,0,1,1,0,0,0,0,1,0,2,2,0,0,0,0,0,0,4,3,0,1
0,179.30184,2.6941,26.02,1,2,0,0,0,0,0,0,0,3,0,0,0,0,0,0,0,4,0,0,0,0,0,0,0,0,0,0,0,4,14,0
0,223.29146,0.8579,32.7,4,0,4,0,0,1,0,0,1,0,0,1,0,0,0,0,0,0,0,0,1,1,1,0,0,0,0,0,0,1,0,0
0,162.23156,1.0802,15.27,2,0,1,0,0,0,0,0,0,0,0,0,1,0,0,0,0,0,0,1,0,0,0,0,1,0,0,0,2,1,0,0
0,211.26242,0.181900000000001,36.09,3,1,0,0,0,0,0,0,0,0,1,0,0,0,0,0,0,0,1,0,1,0,2,1,0,0,0,0,1,3,2,0
0,467.64014,3.9977,62.16,5,2,4,0,0,0,2,2,0,0,0,0,1,0,0,0,0,3,1,0,1,2,0,1,0,0,0,0,4,6,17,1
0,234.1983096,1.3912,47.28,6,2,1,0,0,0,1,0,0,0,0,0,0,0,0,0,0,0,0,0,1,1,1,0,0,0,3,0,0,1,0,0
0,378.3121592,3.377,44.29,9,2,2,0,0,0,0,1,0,0,1,0,0,0,0,0,0,0,1,0,1,0,1,0,0,0,6,0,3,3,2,0
0,284.34806,2.1867,57.15,5,1,0,1,0.5,0,2,0,0,0,0,0,0,0,0,0,0,1,0,0,0,0,0,0,0,0,0,0,2,3,4,0
0,260.24868,-0.256099999999999,91.23,7,1,6,0,0,0,0,0,1,0,0,0,1,0,0,0,0,0,0,0,1,0,0,0,0,0,0,0,0,1,0,0
0,182.1684864,-1.0014,92.5,6,5,5,1,0,0,0,0,0,3,0,0,0,0,0,0,0,0,0,0,0,0,0,0,0,0,2,0,2,0,0,0
0,239.31074,0.5049,72.72,4,4,4,0,0,0,0,3,0,0,1,0,0,0,0,0,0,0,0,0,1,1,0,1,0,0,0,0,0,1,0,0
0,194.1906,-2.3549,62.21,6,0,0,0,0,0,0,0,2,0,0,0,1,0,0,0,0,0,0,0,0,0,0,0,0,0,0,0,0,1,0,0
0,299.36424,1.6601,41.93,4,0,1,0,0,0,2,0,0,0,0,0,1,1,0,0,0,1,1,0,1,2,0,1,0,0,0,0,2,4,7,1
0,270.36938,3.0457,24.5,3,0,6,0,0,0,1,0,0,0,0,0,1,0,0,0,0,0,0,0,1,0,0,1,1,0,0,0,0,2,0,0
0,274.78846,3.494,15.27,2,0,5,0,0,0,0,0,0,0,0,0,1,0,0,0,0,0,0,0,1,0,0,1,1,0,0,0,1,2,0,0
0,388.8878,2.6778,56.17,5,1,8,1,0,0,1,0,0,0,0,0,2,0,0,0,0,0,0,0,2,0,0,0,0,0,0,0,0,3,0,1
0,471.67344,7.58370000000001,43.7,3,2,8,0,0,0,0,2,0,0,0,0,1,0,0,0,0,0,1,0,3,0,0,0,0,0,0,0,4,4,0,0
0,348.43816,3.5164,55.73,4,1,8,1,0,0,0,0,0,0,0,0,1,0,0,0,0,0,0,1,1,0,0,1,1,0,0,0,2,2,0,0
0,501.65636,5.87450000000001,84.16,5,3,10,1,0,0,0,2,0,0,0,0,1,0,0,0,0,0,1,0,3,0,0,0,0,0,0,0,4,4,0,0
0,296.14864,2.6029,52.49,3,2,4,1,0,0,0,0,0,0,1,0,0,0,0,0,0,0,0,0,2,0,1,0,0,0,0,0,1,2,0,0
0,357.78764,2.3072,73.16,5,1,5,1,0,0,1,0,1,0,0,0,0,0,0,0,0,0,0,0,2,1,1,0,0,1,0,0,1,2,0,0
0,230.09386,0.8197,36.09,3,2,2,0,0,0,0,0,0,0,2,0,0,0,0,0,0,0,0,0,1,0,1,0,0,0,0,0,0,1,0,0
0,275.34614,0.6489,47.97,5,1,3,0,0,1,0,0,1,0,0,0,2,0,0,0,0,0,0,1,1,1,1,1,0,1,0,0,1,1,0,2
0,292.37336,0.9911,73.75,5,3,5,0,0,0,1,1,1,0,1,0,0,0,0,0,0,0,0,0,1,1,1,0,0,0,0,0,2,2,2,0
0,452.5312664,5.19310000000001,79.15,7,2,15,0,0,1,1,2,0,0,0,0,0,0,0,0,0,0,0,0,1,1,0,0,0,0,2,0,4,1,0,0
0,337.41222,3.2667,52.93,4,1,6,1,0,0,1,0,0,0,0,0,1,0,0,0,0,0,0,0,2,1,0,0,0,0,0,0,2,2,0,0
0,303.35294,1.7178,62.16,5,0,5,0,0,2,0,0,0,0,0,0,1,0,0,0,0,0,1,1,1,0,0,0,0,0,0,0,3,2,0,0
0,234.33728,2.0609,35.5,3,1,6,0,0,0,0,0,1,0,0,0,1,0,0,0,0,0,0,0,1,0,1,0,0,0,0,0,0,1,0,0
0,332.30628,1.9696,79.15,5,2,0,0,0,1,1,2,0,0,0,0,0,0,0,0,0,0,0,0,3,3,0,0,0,0,0,0,0,4,4,0
0,303.2883632,-0.288199999999999,68.2,7,0,3,0,0,1,0,0,1,0,0,0,1,0,0,0,0,0,0,0,1,0,1,0,0,0,1,0,0,1,0,1
0,504.43708,-7.56979999999999,268.68,16,11,9,0,0,0,5,11,0,0,0,0,0,0,0,0,0,0,0,0,0,0,0,0,0,0,0,0,0,1,0,0
0,789.09599,-2.6939,189.14,11,6,12,0,0,0,0,4,3,0,0,0,0,0,0,0,0,0,0,0,1,0,2,0,0,0,0,0,0,1,0,0
0,507.1935232,4.1662,36.53,5,1,6,0,0,0,1,0,0,0,1,0,1,0,0,0,0,0,0,0,2,0,1,0,1,1,1,0,0,3,0,1
0,290.26806,-0.8415,110.38,6,5,1,0,0,0,1,5,0,0,0,0,0,0,0,0,0,0,0,0,2,5,0,0,0,0,0,0,1,3,2,0
0,324.76762,0.9693,54.6,6,0,3,0,0,0,0,0,0,0,0,0,0,0,0,0,0,0,0,0,2,0,2,0,0,0,0,0,0,2,0,0
0,390.3557896,2.9549,75.96,8,2,5,0,0,0,0,0,1,0,0,0,0,0,0,0,0,0,0,0,2,0,0,0,0,0,3,0,0,2,0,0
0,324.21622,1.1456,56.32,4,3,3,0,0,0,0,1,0,0,1,0,0,0,0,0,0,1,0,0,1,0,2,0,0,0,0,0,0,2,0,0
0,356.21656,2.6913,70.31,4,1,7,0,0,0,0,0,1,0,0,0,0,0,1,0,0,0,0,0,1,0,0,0,1,0,0,0,0,2,0,0
0,412.56648,6.02080000000001,24.5,3,1,7,0,0,0,1,0,0,0,1,0,1,0,0,0,0,0,1,0,3,1,0,1,0,0,0,0,2,6,10,1
0,408.4571896,4.7756,42.52,7,2,7,0,0,0,2,0,0,0,2,0,0,0,0,0,0,0,1,0,2,2,0,1,0,0,3,0,2,3,0,0
0,416.384956,4.5898,42.52,9,2,7,0,0,0,2,0,0,0,2,0,0,0,0,0,0,0,1,0,2,2,0,1,0,0,5,0,2,3,0,0
0,338.4864,4.3642,33.29,3,2,6,0,0,0,1,0,0,0,2,0,0,0,0,0,0,0,1,0,2,1,0,1,0,0,0,0,2,3,0,0
0,406.4843696,5.64430000000001,33.29,6,2,5,0,0,0,1,0,0,0,2,0,0,0,0,0,0,0,1,0,2,1,0,1,0,0,3,0,2,3,0,0
0,352.51298,4.7543,33.29,3,2,5,0,0,0,1,0,0,0,2,0,0,0,0,0,0,0,1,0,2,1,0,1,0,0,0,0,2,3,0,0
0,461.9003,1.1057,97.46,8,0,4,0,0,0,1,0,2,0,0,0,0,0,1,0,0,0,0,0,2,1,1,0,0,0,0,0,1,3,0,0
0,389.44218,0.758,122.41,7,4,2,0,0,1,0,3,0,0,1,0,0,1,0,0,0,0,0,0,1,1,1,0,0,0,0,0,1,1,0,0
0,320.3602664,1.3253,62.11,6,2,2,0,0,0,0,0,0,0,0,0,0,0,0,0,0,0,0,0,1,0,0,0,0,0,2,0,1,2,0,0
0,321.8681,2.6098,18.51,3,1,3,0,0,0,0,0,0,0,1,0,2,0,0,0,0,0,0,0,1,0,2,0,0,0,0,0,0,1,0,2
0,380.7797064,0.102600000000003,80.03,9,0,6,0,0,0,0,0,1,0,0,0,0,0,1,0,0,0,0,0,0,0,0,0,0,0,2,0,1,1,0,0
0,444.5174064,2.5325,93.78,8,4,7,0,0,0,0,1,1,0,0,0,1,0,0,0,0,0,1,0,1,0,0,1,1,0,2,0,2,3,0,0
0,312.363,2.6029,84.75,5,3,7,0,0,0,0,0,1,0,0,0,0,0,0,0,0,0,0,0,2,0,1,0,0,0,0,0,0,2,0,0
0,308.33784,-0.754199999999995,97.61,7,3,5,0,0,0,0,1,0,0,0,0,0,0,0,0,0,0,0,0,0,0,0,0,1,0,0,0,1,2,0,0
0,388.374856,4.501,47.28,8,2,7,0,0,0,1,0,0,3,0,0,0,0,0,0,0,0,0,0,1,1,0,0,0,0,5,0,2,2,0,0
0,401.48592,-1.54599999999999,85.09,9,1,3,0,0,0,2,0,0,0,0,0,2,0,0,0,0,0,0,0,0,0,0,0,0,0,0,0,0,3,0,0
0,413.3774864,-0.297999999999994,126.82,10,3,7,0,0,0,2,0,1,0,0,0,0,0,1,0,0,0,0,0,1,0,1,0,1,0,2,0,0,3,0,0
0,404.45506,3.8631,90.15,5,2,8,1,0,0,1,1,0,0,0,0,0,1,0,0,0,0,0,0,3,2,0,0,0,0,0,0,2,3,0,0
0,474.97528,5.74570000000001,69.92,4,1,6,1,0,0,1,0,0,0,0,0,0,1,0,0,0,0,0,0,3,1,0,0,0,0,0,0,1,3,0,0
0,450.793556,1.1083,86.61,12,3,7,0,0,0,1,0,0,0,1,0,0,0,0,0,0,0,0,0,1,1,0,3,0,0,5,0,1,2,0,0
0,346.40896,1.0772,63.39,6,1,3,0,0,0,0,0,0,0,1,0,0,0,0,0,0,0,0,0,2,0,3,0,0,0,0,0,0,3,2,0
0,393.8694,1.7072,51.8,6,0,3,0,0,0,1,0,0,0,0,0,2,0,0,0,0,0,0,0,2,0,2,0,0,0,0,0,0,4,2,2
0,362.38522,-0.870199999999994,92.85,8,1,5,0,0,0,1,0,1,0,0,0,1,0,0,0,0,0,0,0,1,0,2,0,1,0,0,0,0,3,2,1
0,346.38582,-0.249099999999995,83.62,7,1,4,0,0,0,0,0,1,0,0,0,1,0,0,0,0,0,0,0,1,0,2,0,1,0,0,0,0,3,2,1
0,375.46504,4.4698,36.09,3,3,4,0,0,0,0,0,0,0,3,0,0,0,0,0,0,0,0,0,3,0,3,1,0,3,0,0,2,3,0,0
0,449.97242,3.4359,47.97,5,1,4,0,0,0,1,0,1,0,1,0,1,0,0,0,0,0,1,1,2,0,1,2,0,1,0,0,4,3,0,1
0,324.76432,1.3689,59.56,5,1,2,0,0,0,0,1,0,0,0,0,1,0,0,0,0,0,0,0,2,0,1,0,0,0,0,0,0,2,0,1
0,549.51394,6.27090000000001,50.77,5,1,9,0,0,0,0,0,0,0,0,0,0,0,0,0,0,0,1,0,2,0,1,0,0,0,0,0,4,3,0,0
0,579.53992,5.89580000000001,60,6,1,10,0,0,0,1,0,0,0,0,0,0,0,0,0,0,0,1,0,2,1,1,0,0,0,0,0,4,3,0,0
0,585.4948664,6.16690000000001,50.77,7,1,9,0,0,0,0,0,0,0,0,0,0,0,0,0,0,0,1,0,2,0,1,0,0,0,2,0,4,3,0,0
0,307.36632,3.1492,55.48,3,2,2,0,0,1,0,0,0,1,0,0,0,0,0,0,0,0,0,0,2,0,1,0,0,0,0,0,0,2,0,0
0,322.37766,3.4304,49.69,3,1,3,0,0,1,0,1,0,0,0,0,0,0,0,0,0,0,0,0,2,0,0,0,0,0,0,0,0,2,0,0
0,405.4350064,2.6694,70.95,7,3,6,0,0,0,2,2,0,0,1,0,0,0,0,0,0,0,0,0,2,2,0,0,0,0,2,0,4,4,4,0
0,379.90088,3.9293,61.72,4,1,6,0,0,1,0,0,1,0,0,0,0,0,0,0,0,0,0,0,1,0,0,0,0,0,0,0,1,1,0,0
0,373.41446,-0.554599999999995,81.9,9,0,4,0,0,0,0,0,0,0,0,0,2,0,0,0,0,0,0,0,1,0,1,0,1,0,0,0,1,3,0,0
0,393.82964,0.285400000000004,75.86,8,0,4,0,0,0,0,0,0,0,0,0,2,0,0,0,0,0,0,0,1,0,0,0,1,0,0,0,1,3,0,0
0,120.19158,3.0786,0,0,0,0,0,0,0,0,0,0,0,0,0,0,0,0,0,0,0,0,0,1,0,0,0,0,0,0,0,0,1,0,0
0,126.23922,3.0786,0,0,0,0,0,0,0,0,0,0,0,0,0,0,0,0,0,0,1,0,0,0,0,0,0,0,0,0,0,0,1,0,0
0,484.3512792,2.2206,80.23,13,1,4,0,0,1,0,1,1,0,0,0,1,0,0,0,0,0,0,0,2,1,0,0,0,0,6,0,0,2,0,1
0,620.7291864,4.1556,111.46,10,3,15,0,0,0,0,1,3,0,1,0,0,0,0,0,0,0,0,0,3,0,0,1,0,0,2,0,3,4,0,0
0,606.7026064,4.1131,111.46,10,3,15,0,0,0,0,1,3,0,1,0,0,0,0,0,0,0,0,0,3,0,0,1,0,0,2,0,3,3,0,0
0,386.2266064,1.3703,60.15,7,3,7,0,0,0,0,0,0,0,3,0,0,0,0,0,0,0,0,0,1,0,0,0,1,0,2,0,0,2,0,0
0,368.2361432,1.4207,60.15,6,3,7,0,0,0,0,0,0,0,3,0,0,0,0,0,0,0,0,0,1,0,0,0,1,0,1,0,1,2,0,0
0,382.41308,0.958100000000001,107.04,8,2,9,0,0,0,2,1,0,0,0,0,0,1,0,0,0,0,0,0,2,3,0,0,0,0,0,0,2,2,0,0
0,410.46624,1.7383,107.04,8,2,11,0,0,0,2,1,0,0,0,0,0,1,0,0,0,0,0,0,2,3,0,0,0,0,0,0,4,2,0,0
0,299.38914,1.2306,90.98,6,3,4,0,0,0,1,0,0,0,1,0,1,0,0,0,1,0,1,0,1,1,1,0,0,0,0,0,2,2,0,0
0,489.0682232,4.0866,50.77,6,2,11,0,0,0,0,0,1,0,2,0,1,0,0,0,0,0,0,0,2,0,1,0,0,0,1,0,1,3,0,1
0,454.64622,6.90290000000001,24.5,3,1,8,0,0,0,1,0,0,0,1,0,1,0,0,0,0,0,1,0,3,1,0,1,0,0,0,0,2,6,10,1
0,56.10632,1.8064,0,0,0,1,0,0,0,0,0,0,0,0,0,0,0,0,0,0,0,0,0,0,0,0,0,0,0,0,0,1,0,0,0
0,397.3780864,0.739600000000002,100.61,9,3,5,0,0,0,0,0,2,0,1,0,0,0,0,0,0,0,0,0,2,0,1,2,0,0,2,0,3,2,0,0
0,98.18606,2.9767,0,0,0,4,0,0,0,0,0,0,0,0,0,0,0,0,0,0,0,0,0,0,0,0,0,0,0,0,0,4,0,0,0
0,84.15948,2.5866,0,0,0,3,0,0,0,0,0,0,0,0,0,0,0,0,0,0,0,0,0,0,0,0,0,0,0,0,0,3,0,0,0
0,126.11334,-1.7939,64.52,4,2,2,1,0,0,0,0,0,0,1,0,0,0,0,0,0,0,0,0,0,0,0,0,0,0,0,0,1,0,0,0
0,521.4128232,5.08440000000001,59.56,6,1,7,0,0,0,0,0,1,0,0,0,0,0,0,0,0,0,0,0,2,0,1,0,1,0,1,0,3,4,0,0
0,576.4913232,5.1178,62.8,7,1,7,0,0,0,0,0,1,0,0,0,1,0,0,0,0,0,1,0,2,0,1,0,1,0,1,0,5,5,0,0
0,429.57554,4.0763,76.99,6,2,6,0,0,0,1,0,0,0,2,0,0,0,0,0,1,0,1,0,2,1,1,2,0,1,0,0,3,3,0,0
0,517.6822,5.83640000000001,68.2,6,1,8,0,0,0,1,0,0,0,1,0,1,0,0,0,1,0,1,1,3,1,1,2,0,1,0,0,2,4,0,1
0,563.54052,6.66100000000001,50.77,5,1,10,0,0,0,0,0,0,0,0,0,0,0,0,0,0,0,1,0,2,0,1,0,0,0,0,0,5,3,0,0
0,577.5671,7.05110000000001,50.77,5,1,11,0,0,0,0,0,0,0,0,0,0,0,0,0,0,0,1,0,2,0,1,0,0,0,0,0,6,3,0,0
0,567.5044032,6.21890000000001,50.77,6,1,9,0,0,0,0,0,0,0,0,0,0,0,0,0,0,0,1,0,2,0,1,0,0,0,1,0,4,3,0,0
0,603.4853296,6.11490000000001,50.77,8,1,9,0,0,0,0,0,0,0,0,0,0,0,0,0,0,0,1,0,2,0,1,0,0,0,3,0,4,3,0,0
0,393.8844,4.4675,92.95,5,2,6,1,0,0,0,0,0,0,0,0,0,0,0,0,1,0,0,0,2,0,0,1,0,0,0,0,5,3,2,0
0,112.21264,3.3668,0,0,0,5,0,0,0,0,0,0,0,0,0,0,0,0,0,0,0,0,0,0,0,0,0,0,0,0,0,5,0,0,0
0,341.7667232,1.8548,47.53,5,1,2,0,0,0,0,1,0,0,0,0,1,0,0,0,0,0,0,0,2,0,1,0,0,0,1,0,0,2,0,1
0,70.1329,2.1965,0,0,0,2,0,0,0,0,0,0,0,0,0,0,0,0,0,0,0,0,0,0,0,0,0,0,0,0,0,2,0,0,0
0,328.3408832,-0.432399999999998,62.21,7,1,3,1,0,0,0,0,0,0,0,0,3,0,0,0,0,0,0,0,1,0,2,0,0,1,1,0,0,3,2,1
0,400.9018,1.3158,62.21,6,1,4,1,0,0,0,0,0,0,0,0,3,0,0,0,0,0,0,0,1,0,0,1,0,0,0,0,0,2,0,2
0,384.4472032,1.0465,62.21,7,1,4,1,0,0,0,0,0,0,0,0,3,0,0,0,0,0,0,0,1,0,0,1,0,0,1,0,0,2,0,2
0,400.9018,1.3158,62.21,6,1,4,1,0,0,0,0,0,0,0,0,3,0,0,0,0,0,0,0,1,0,0,1,0,0,0,0,0,2,0,2
0,366.45674,0.750900000000003,62.21,6,1,4,1,0,0,0,0,0,0,0,0,3,0,0,0,0,0,0,0,1,0,0,1,0,0,0,0,0,2,0,2
0,397.46418,0.898099999999999,93.39,6,3,4,0,0,0,1,3,0,0,0,0,1,1,0,0,0,0,1,0,1,2,0,1,0,0,0,0,6,4,7,1
0,387.51572,1.6958,68.2,6,2,8,0,0,0,1,1,1,0,0,0,2,0,0,0,0,0,1,1,1,1,1,0,0,0,0,0,7,2,0,0
0,379.4555,0.702500000000004,89.61,7,2,9,0,0,0,1,0,1,0,1,0,0,0,0,0,0,0,0,0,0,0,0,0,2,0,0,0,4,3,0,0
0,423.85892,-2.25989999999999,97.21,10,0,4,0,0,0,0,0,0,0,0,0,2,0,0,0,0,0,0,1,1,0,1,0,0,0,0,0,2,2,0,0
0,556.48498,4.5835,71.59,6,2,6,0,0,0,0,0,1,0,1,0,1,0,0,0,0,0,1,0,3,0,1,0,0,0,0,0,2,6,2,0
0,486.4464496,0.379100000000006,135.86,12,5,7,0,0,0,1,1,1,0,1,0,0,0,0,0,0,0,0,0,2,1,2,0,0,0,3,0,1,4,2,0
0,519.4779096,1.1388,127.66,12,4,6,0,0,0,1,0,1,0,1,0,0,0,0,0,0,0,0,0,2,1,2,0,1,0,3,0,0,5,2,0
0,414.3407296,-0.0226999999999964,129.62,11,5,3,0,0,0,1,0,1,0,0,0,0,0,0,0,0,0,0,0,2,1,2,0,0,0,3,0,0,4,2,0
0,473.4079296,-1.18359999999999,136.89,13,4,7,0,0,0,2,0,1,0,1,0,0,0,0,0,0,0,0,0,1,1,2,0,1,0,3,0,0,4,2,0
0,485.4186296,-0.693499999999992,136.89,13,4,5,0,0,0,2,0,1,0,1,0,0,0,0,0,0,0,0,0,1,1,2,0,1,0,3,0,2,4,2,0
0,528.4864296,-1.49779999999999,140.13,14,4,7,0,0,0,2,0,1,0,1,0,1,0,0,0,0,0,0,0,1,1,2,0,1,0,3,0,0,5,2,0
0,385.46162,2.3058,54.01,6,0,3,0,0,0,0,0,1,0,0,0,1,0,0,0,0,0,1,0,1,0,0,0,0,0,0,0,2,4,0,0
0,122.1644832,-0.1099,52.04,3,3,3,0,0,0,0,0,0,0,0,0,0,0,0,0,0,0,0,0,0,0,0,0,0,0,1,0,0,0,0,0
0,360.4091,1.9825,71,6,1,4,0,0,0,0,1,1,0,0,0,0,0,0,0,0,0,0,0,1,0,0,0,0,0,0,0,0,3,0,0
0,502.8729296,2.8745,86.81,10,1,8,0,0,0,2,0,1,0,1,0,0,0,0,0,0,0,0,0,2,1,0,0,0,0,3,0,2,4,0,0
0,156.20882,-1.2145,76.1,4,4,2,0,0,0,0,0,0,0,1,0,0,0,0,0,0,0,0,0,0,0,0,0,0,0,0,0,0,0,0,0
0,218.2782,0.3459,76.1,4,4,3,0,0,0,0,0,0,0,1,0,0,0,0,0,0,0,0,0,1,0,0,0,0,0,0,0,0,1,0,0
0,373.1896,1.5846,62.75,5,2,1,0,0,0,2,1,0,0,1,0,0,0,0,0,0,0,0,0,2,3,2,0,0,1,0,0,0,3,2,0
0,404.45836,2.5039,88.18,6,1,8,1,0,0,2,0,0,0,0,0,1,0,1,0,0,0,0,1,2,2,1,0,0,1,0,0,2,2,0,1
0,269.25544,-0.0845999999999996,87.99,6,2,2,0,0,0,0,1,2,0,0,0,0,0,0,0,0,0,0,0,2,0,0,0,0,0,0,0,0,3,2,0
0,472.5324032,1.692,102.67,9,0,6,0,0,0,0,0,2,0,0,0,1,0,0,0,1,0,0,0,1,0,0,0,1,0,1,0,2,2,0,0
0,379.49526,2.8748,56.76,5,2,6,0,0,0,1,0,1,0,2,0,0,0,0,0,0,0,1,1,2,1,1,1,0,0,0,0,4,3,0,0
0,243.30098,1.9226,52.49,3,1,4,0,0,0,0,0,0,0,1,0,0,2,0,0,0,0,0,0,1,0,0,1,0,0,0,0,1,2,2,0
0,394.5132,0.246500000000005,88.82,7,4,6,0,0,0,0,1,0,0,1,0,2,0,0,0,0,0,1,0,1,0,2,0,1,0,0,0,2,3,0,1
0,507.02374,2.2497,62.65,7,0,5,0,0,0,1,0,2,0,0,0,2,0,0,0,0,0,1,0,2,0,1,1,0,1,0,0,2,4,0,1
0,451.94524,2.5639,59.41,6,0,5,0,0,0,1,0,2,0,0,0,1,0,0,0,0,0,1,0,2,0,1,2,0,1,0,0,2,3,0,1
0,785.01328,2.2273,218.99,13,9,10,0,0,0,4,9,0,0,0,0,0,0,0,0,0,3,0,0,0,0,0,0,0,0,0,0,2,5,4,0
0,224.26118,0.648200000000001,53.32,4,2,1,0,0,0,0,0,0,0,0,0,1,0,0,0,0,0,0,0,1,0,0,1,1,0,0,0,0,2,0,0
0,392.37474,-2.94739999999999,134.39,12,1,5,0,0,0,0,0,1,0,0,0,1,0,0,0,0,0,0,0,1,0,1,0,0,0,0,0,0,2,0,0
0,226.121102,-2.524,141.61,7,4,6,2,0,0,0,0,0,0,0,0,0,0,0,0,0,0,0,0,0,0,0,0,0,0,0,0,2,0,0,0
0,424.48952,1.8827,94.42,7,3,13,0,0,0,2,2,1,0,0,0,1,0,0,0,0,0,0,0,2,2,1,1,0,1,0,0,0,2,0,1
0,448.4349296,3.325,63.19,9,1,10,0,0,0,3,0,1,0,0,0,1,0,0,0,0,0,0,0,2,3,1,0,0,1,3,0,0,2,0,1
0,323.39224,-0.486599999999995,71.59,6,2,5,0,0,0,0,0,1,0,1,0,1,0,0,0,0,0,0,2,1,0,0,0,0,0,0,0,0,2,0,0
0,337.41882,-0.240599999999996,71.59,6,2,5,0,0,0,0,0,1,0,1,0,1,0,0,0,0,0,0,2,1,0,0,0,0,0,0,0,0,2,0,0
0,488.5748064,2.7116,63.39,8,1,4,0,0,0,0,0,0,0,1,0,1,0,0,0,0,0,1,0,1,0,1,1,0,1,2,0,2,4,0,0
0,394.48998,0.846400000000002,62.21,6,0,6,0,0,0,0,0,2,0,0,0,1,0,0,0,0,0,0,0,1,0,0,1,0,0,0,0,0,3,2,1
0,423.85562,-0.00769999999999604,96.09,9,1,4,0,0,0,0,0,0,0,0,0,2,0,0,0,0,0,0,0,1,0,0,0,0,0,0,0,1,3,0,0
0,406.87146,0.343100000000003,69.87,8,0,4,0,0,0,0,0,0,0,0,0,2,0,0,0,0,0,0,1,1,0,1,0,1,0,0,0,2,2,0,0
0,379.5184,3.3707,45.32,4,2,6,0,0,0,1,0,0,0,2,0,0,0,0,0,0,0,1,0,2,1,0,1,0,0,0,0,2,3,0,0
0,374.49704,3.841,73.75,5,2,6,0,0,0,1,0,0,0,2,0,0,0,0,0,1,0,1,0,2,1,0,1,0,0,0,0,2,3,0,0
0,390.5212,3.4479,48.56,5,2,6,0,0,0,1,0,0,0,2,0,0,0,0,0,0,0,1,0,2,1,1,1,0,0,0,0,2,3,0,0
0,344.3618,-0.3591,139.2,7,6,8,1,0,0,0,2,1,1,0,0,0,0,0,0,0,0,0,0,2,2,0,2,0,0,0,1,2,2,0,0
0,380.52968,2.1006,45.81,6,0,7,0,0,0,0,0,0,0,0,0,2,0,0,0,0,0,0,0,0,0,0,0,1,0,0,0,2,2,0,0
0,472.4198696,0.254600000000005,124.86,12,4,7,0,0,0,2,0,1,0,1,0,0,0,0,0,0,0,0,0,2,1,2,0,0,0,3,0,0,4,2,0
0,399.3260896,0.692500000000002,103.6,10,3,3,0,0,0,1,0,1,0,0,0,0,0,0,0,0,0,0,0,2,1,2,0,0,0,3,0,0,4,2,0
0,393.91084,3.9485,76.55,5,2,6,0,0,0,0,0,0,0,1,0,0,0,0,0,1,0,0,0,2,0,1,0,0,0,0,0,0,2,0,0
0,293.74544,1.8664,61.72,4,1,4,0,0,1,0,0,0,0,1,0,0,1,0,0,0,0,0,0,1,0,1,0,0,0,0,0,1,2,0,0
0,304.29794,0.708,105.42,7,1,5,0,0,1,0,0,0,0,1,0,0,1,0,0,0,0,0,0,0,0,0,0,0,0,0,0,1,2,0,0
0,394.8144,0.345200000000003,84.06,8,0,5,0,0,0,0,0,1,0,0,0,1,0,0,0,0,0,0,0,1,0,0,0,0,0,0,0,0,2,0,0
0,296.40666,3.4821,33.29,3,2,5,0,0,0,1,0,0,0,2,0,0,0,0,0,0,0,1,0,2,1,0,1,0,0,0,0,2,3,0,0
0,420.50412,1.6319,91.23,7,2,6,0,0,0,0,1,2,0,0,0,0,0,0,0,0,1,0,0,1,0,1,0,0,0,0,0,1,3,0,0
0,421.48888,1.6151,97.22,7,2,6,0,0,0,1,1,2,0,0,0,0,0,0,0,0,1,0,0,1,0,0,0,0,0,0,0,1,3,0,0
0,336.43076,0.850000000000003,59.56,5,2,5,0,0,0,0,0,1,0,1,0,1,0,0,0,0,0,0,2,1,0,0,0,1,0,0,0,0,2,0,0
0,390.4021496,1.3924,59.56,8,2,5,0,0,0,0,0,1,0,1,0,1,0,0,0,0,0,0,2,1,0,0,0,1,0,3,0,0,2,0,0
0,336.43076,0.946200000000003,50.77,5,1,5,0,0,0,0,0,1,0,1,0,1,0,0,0,0,0,0,2,1,0,0,0,1,0,0,0,0,2,0,0
0,415.4843,2.6495,74.78,6,2,8,0,0,0,2,0,1,0,1,0,0,0,0,0,0,0,0,0,2,2,1,1,0,1,0,0,1,3,0,0
0,425.83174,-1.6084,134.14,11,2,6,0,0,0,1,0,0,0,0,0,1,0,0,0,0,0,0,0,1,0,1,0,0,0,0,0,0,2,0,0
0,368.42956,-0.393799999999995,78.02,7,2,6,0,0,0,2,0,1,0,1,0,1,0,0,0,0,0,0,2,1,2,1,0,1,0,0,0,0,2,0,0
0,455.54486,4.19370000000001,81.95,5,1,6,1,0,0,1,0,0,0,0,0,0,1,0,0,0,0,0,0,2,1,0,1,1,0,0,0,1,3,0,0
0,324.3488832,2.1995,64.52,5,2,6,0,0,0,0,0,1,0,1,0,0,1,0,0,0,0,0,0,2,0,1,0,0,0,1,0,1,3,2,0
0,386.4200232,-1.1562,119.21,8,5,3,1,0,0,0,0,0,2,0,0,2,1,0,0,0,0,0,1,1,0,3,0,0,0,1,0,4,2,2,2
0,376.27966,2.8097,56.32,4,3,7,0,0,0,0,0,0,0,3,0,0,1,0,0,0,0,0,0,2,0,1,0,0,0,0,0,1,3,2,0
0,407.85952,-0.542399999999995,81.9,9,0,4,0,0,0,0,0,0,0,0,0,2,0,0,0,0,0,0,1,1,0,1,0,0,0,0,0,2,2,0,0
0,406.87146,0.343100000000003,69.87,8,0,4,0,0,0,0,0,0,0,0,0,2,0,0,0,0,0,0,1,1,0,1,0,0,0,0,0,2,2,0,0
0,492.9508,1.051,105.42,7,4,3,1,0,0,1,2,0,0,1,0,1,0,0,0,0,0,1,0,2,2,1,2,0,1,0,0,5,5,7,1
0,458.50574,0.833700000000001,105.42,7,4,3,1,0,0,1,2,0,0,1,0,1,0,0,0,0,0,1,0,2,2,1,1,0,1,0,0,5,5,7,1
0,312.44912,3.7812,15.71,3,0,7,0,0,0,1,0,0,0,0,0,2,0,0,0,0,0,1,0,1,0,0,0,0,0,0,0,4,3,0,1
0,437.8855,-1.86979999999999,97.21,10,0,4,0,0,0,0,0,0,0,0,0,2,0,0,0,0,0,1,0,1,0,1,0,0,0,0,0,3,3,0,0
0,195.17206,-1.2454,92.95,5,3,3,1,0,0,0,1,1,0,0,0,0,0,0,0,0,0,0,0,1,1,1,0,0,0,0,0,0,1,0,0
0,413.11758,2.9779,67.76,5,1,3,0,0,0,0,0,0,0,0,0,0,0,0,0,1,0,0,0,1,0,0,0,0,0,0,0,0,1,0,0
0,499.3639496,5.2304,44.73,7,1,9,0,0,0,1,0,1,0,0,0,1,0,0,0,0,0,1,0,2,1,0,0,0,0,3,0,4,3,0,0
0,206.2162432,1.5265,26.71,4,0,1,0,0,0,0,0,1,0,0,0,0,0,0,0,0,0,0,0,1,0,1,0,0,0,1,0,0,1,0,0
0,415.4595664,1.4794,83.37,8,2,3,0,0,0,0,0,0,0,0,0,0,0,0,0,0,0,0,0,1,0,0,2,0,0,2,0,1,2,0,0
0,478.62302,4.3408,54.4,6,0,12,0,0,0,3,0,0,0,0,0,2,1,0,0,0,0,1,0,2,3,0,0,0,0,0,0,5,4,2,0
0,375.42704,-1.30989999999999,78.07,8,1,2,0,0,0,0,0,1,0,1,0,1,0,0,0,0,0,0,0,0,0,0,0,0,0,0,0,0,4,2,0
0,389.45362,-0.967699999999993,69.28,8,0,2,0,0,0,0,0,1,0,0,0,2,0,0,0,0,0,0,0,0,0,0,0,0,0,0,0,0,4,2,0
0,401.45772,1.9733,93.19,6,1,5,1,0,0,0,0,1,0,0,0,1,0,1,0,0,0,1,0,1,0,0,1,0,0,0,0,2,4,2,0
0,402.44578,0.535100000000002,105.22,7,1,5,1,0,0,0,0,1,0,0,0,1,0,1,0,0,0,1,0,0,0,0,0,1,0,0,0,2,4,2,0
0,104.10452,-0.9304,60.69,3,2,3,1,0,0,0,1,0,0,0,0,0,0,0,0,0,0,0,0,0,0,0,0,0,0,0,0,2,0,0,0
0,341.7667232,2.2008,47.53,5,1,1,0,0,0,0,1,0,0,0,0,1,0,0,0,0,0,0,0,2,0,1,0,0,0,1,0,0,2,0,1
0,516.63776,0.877400000000005,84.06,8,1,7,0,0,0,1,0,1,0,0,0,2,0,0,0,0,0,0,0,1,0,1,1,1,0,0,0,0,3,0,1
0,474.61616,2.7666,129.04,8,4,11,0,0,0,0,1,1,0,2,0,0,0,0,0,1,0,0,1,1,0,0,1,0,0,0,0,4,2,0,0
0,519.4348496,-0.421399999999993,147.89,13,4,6,0,0,0,1,0,2,0,0,0,0,0,0,0,0,0,0,0,2,1,3,0,1,0,3,0,0,5,2,0
0,595.4633296,6.69850000000001,79.79,9,1,6,0,0,0,0,0,0,0,1,0,0,0,0,0,1,0,1,0,3,0,1,0,0,0,3,0,2,5,2,0
0,302.2722696,1.3865,64.52,7,2,4,1,0,0,0,0,0,0,1,0,0,0,0,0,0,0,0,0,1,0,1,0,0,0,3,0,1,1,0,0
0,399.4170232,3.3234,65.55,6,1,7,0,0,0,1,0,1,0,0,0,0,0,0,0,0,0,0,0,2,1,0,0,1,0,1,0,0,4,0,0
0,547.8077664,6.28260000000001,53.52,6,1,8,0,0,0,1,0,1,0,0,0,0,0,0,0,0,0,0,0,3,1,0,1,1,0,2,0,1,4,0,0
0,423.85892,-1.22399999999999,102.13,10,1,4,0,0,0,0,0,0,0,0,0,2,0,0,0,0,0,0,1,1,0,1,0,0,0,0,0,2,2,0,0
0,237.27494,1.6484,72.72,4,1,2,0,0,0,0,1,0,0,0,0,0,0,0,0,1,0,0,0,1,1,1,0,0,0,0,0,0,2,2,0
0,368.4494,3.9783,75.96,5,1,4,0,0,0,0,1,0,0,0,0,0,0,0,0,1,0,0,1,2,1,1,1,0,0,0,0,3,3,2,0
0,382.4313232,1.2832,79.79,7,3,6,0,0,0,0,0,3,0,1,0,0,0,0,0,0,0,1,0,2,0,3,0,0,0,1,0,3,3,0,0
0,353.3157096,3.7496,72.72,7,1,2,0,0,0,0,1,0,0,0,0,0,0,0,0,1,0,0,0,2,1,1,0,0,0,3,0,0,3,2,0
0,393.54498,3.5116,45.32,4,2,6,0,0,0,1,0,0,0,2,0,0,0,0,0,0,0,1,0,2,1,1,1,0,0,0,0,4,3,0,0
0,395.56086,3.9001,45.32,4,2,6,0,0,0,1,0,0,0,2,0,0,0,0,0,0,0,1,0,2,1,1,1,0,0,0,0,2,3,0,0
0,367.5077,3.1215,45.32,4,2,5,0,0,0,1,0,0,0,2,0,0,0,0,0,0,0,1,0,2,1,1,1,0,0,0,0,2,3,0,0
0,429.57708,4.6819,45.32,4,2,6,0,0,0,1,0,0,0,2,0,0,0,0,0,0,0,1,0,3,1,1,1,0,0,0,0,2,4,0,0
0,411.9013032,3.8965,76.55,6,2,6,0,0,0,0,0,0,0,1,0,0,0,0,0,1,0,0,0,2,0,1,0,0,0,1,0,0,2,0,0
0,130.0772232,-1.8884,64.52,5,2,0,0,0,0,0,0,2,0,0,0,0,0,0,0,0,0,0,0,0,0,0,0,0,0,1,0,0,1,0,0
0,451.5197,1.635,114.6,7,5,7,0,0,0,0,0,1,1,2,0,0,1,0,0,0,0,0,0,3,0,2,0,0,0,0,0,3,3,0,0
0,470.5628,2.0582,103.01,7,4,7,0,0,0,1,0,1,1,1,0,1,1,0,0,0,0,0,0,3,0,2,0,0,0,0,0,2,4,0,0
0,455.54816,2.6763,68.2,6,2,3,0,0,0,1,2,0,0,0,0,1,0,0,0,0,0,1,0,2,2,1,1,0,0,0,0,5,5,7,1
0,594.4420264,2.8846,86.86,10,2,7,0,0,0,0,0,2,0,0,0,2,0,0,0,0,0,1,0,3,0,2,0,0,0,2,0,2,5,0,1
0,626.4441264,0.740100000000006,120.15,13,2,9,0,0,0,1,0,2,0,0,0,2,0,0,0,0,0,1,0,1,0,0,0,2,0,2,0,2,5,0,1
0,610.4746696,6.90240000000001,87.99,9,2,6,0,0,0,0,0,1,0,1,0,0,0,0,0,1,0,1,0,3,0,1,0,0,0,3,0,2,5,2,0
0,418.59266,4.965,64.96,5,0,10,0,0,0,1,0,0,0,0,0,1,0,0,0,1,0,1,0,1,1,1,0,0,0,0,0,6,3,2,0
0,171.15396,-2.7712,124.76,6,3,6,1,0,0,0,0,0,1,0,0,0,1,0,0,0,0,0,0,0,0,0,0,0,0,0,0,2,0,0,0
0,205.16688,-1.4505,92.95,5,3,1,1,0,0,0,2,0,0,0,0,0,0,0,0,0,0,0,0,1,1,1,0,1,0,0,0,0,2,2,0
0,368.4344,0.554300000000004,59.8,6,0,3,0,0,0,0,0,0,0,0,0,2,0,1,0,0,0,0,0,2,0,2,1,1,0,0,0,0,4,2,2
0,351.4421,2.4049,54.55,5,2,5,0,0,0,2,0,0,0,2,0,0,0,0,0,0,0,1,0,2,2,1,1,0,0,0,0,2,3,0,0
0,292.33184,1.9187,53.52,4,1,5,0,0,0,1,0,0,0,1,0,0,1,0,0,0,0,0,0,1,1,1,1,1,1,0,0,0,2,0,0
0,363.79376,3.5693,61.72,4,2,3,0,0,0,1,1,1,0,0,0,0,0,0,0,0,0,0,0,3,1,1,0,0,0,0,0,0,4,2,0
0,271.6984,2.2415,52.49,3,2,1,0,0,0,0,1,1,0,0,0,0,0,0,0,0,0,0,0,2,0,1,0,0,0,0,0,0,3,2,0
0,296.3173232,1.5873,75.96,6,1,2,0,0,0,0,1,0,0,0,0,0,0,0,0,1,0,0,1,1,1,1,0,0,0,1,0,2,2,2,0
0,312.77192,1.8566,75.96,5,1,2,0,0,0,0,1,0,0,0,0,0,0,0,0,1,0,0,1,1,1,1,0,0,0,0,0,2,2,2,0
0,414.4947,1.2208,83.42,7,1,7,0,0,1,2,1,0,0,0,0,1,0,0,0,0,0,1,0,1,1,1,0,0,1,0,0,3,3,2,0
0,292.35344,1.8853,75.96,5,1,2,0,0,0,0,1,0,0,0,0,0,0,0,0,1,0,0,1,1,1,1,0,0,0,0,0,2,2,2,0
0,452.91008,4.1422,107.97,6,2,5,0,0,0,1,0,0,0,0,0,0,0,0,0,1,0,0,0,3,1,1,0,1,0,0,0,0,4,2,0
0,642.90868,5.1537,92.65,8,2,7,0,0,1,3,1,1,0,1,0,0,0,0,0,0,3,0,0,0,0,0,0,0,0,0,0,3,5,4,0
0,617.89922,5.64910000000001,80.62,7,2,6,0,0,0,4,2,0,0,0,0,1,0,0,0,0,3,0,0,0,0,0,0,0,0,0,0,2,5,4,0
0,683.9606,4.7311,98.1,9,1,8,0,0,2,1,1,2,0,0,0,1,0,0,0,0,3,0,0,0,0,0,0,0,0,0,0,3,5,4,0
0,683.9606,4.7295,98.1,9,1,9,0,0,2,1,1,2,0,0,0,1,0,0,0,0,3,0,0,0,0,0,0,0,0,0,0,3,4,4,0
0,688.97712,4.90090000000001,104.09,9,2,10,0,0,1,3,2,1,0,0,0,1,0,0,0,0,3,0,0,0,0,0,0,0,0,0,0,2,5,4,0
0,468.5570496,5.29420000000001,21.75,7,0,7,0,0,0,0,0,0,0,0,0,3,0,0,0,0,0,0,0,2,0,2,0,0,0,3,0,3,2,0,2
0,426.4838832,1.2078,80.23,8,1,4,0,0,0,0,1,1,0,0,0,1,0,0,0,0,0,2,0,1,1,0,0,0,0,1,0,5,4,2,0
0,565.56938,3.0645,154.08,9,3,10,3,0,0,1,0,1,0,0,0,0,0,0,0,0,0,0,0,4,1,0,0,0,0,0,0,3,5,2,0
0,658.81172,3.61010000000001,115.29,9,2,8,1,0,0,0,0,1,0,0,0,1,0,0,0,0,4,0,0,2,0,1,1,0,0,0,0,1,8,16,1
0,410.4978864,2.8376,73.75,7,3,9,0,0,0,1,1,1,0,1,0,0,0,0,0,0,1,0,1,1,0,0,1,0,0,2,0,2,2,0,0
0,424.5244664,3.2277,73.75,7,3,9,0,0,0,1,1,1,0,1,0,0,0,0,0,0,1,1,0,1,0,0,1,0,0,2,0,3,3,0,0
0,53.06262,0.3551,26.02,1,0,1,0,0,0,0,0,0,0,0,0,0,0,1,0,0,0,0,0,0,0,0,0,0,0,0,0,0,0,0,0
0,450.92072,0.961200000000002,84.06,8,1,5,0,0,0,1,0,1,0,1,0,0,0,0,0,0,0,0,1,2,1,3,0,0,0,0,0,2,2,0,0
0,505.2872496,2.761,68.79,9,1,5,0,0,0,1,0,1,0,1,0,0,0,0,0,0,0,0,0,2,1,1,1,0,0,3,0,0,4,2,0
0,484.8609496,1.6346,74.83,10,1,4,0,0,0,0,0,1,0,1,0,0,0,0,0,0,0,0,0,1,0,0,2,0,0,3,0,0,4,2,0
0,486.8768296,1.4295,74.83,10,1,4,0,0,0,0,0,1,0,1,0,1,0,0,0,0,0,0,0,1,0,0,2,0,0,3,0,0,4,2,0
0,430.88626,2.7523,60,6,0,4,0,0,0,1,0,1,0,0,0,0,0,0,0,0,0,0,0,1,0,0,2,0,0,0,0,0,4,2,0
0,429.9015,2.3253,62.8,6,1,4,0,0,0,0,0,1,0,1,0,0,0,0,0,0,0,0,0,1,0,0,2,0,0,0,0,0,4,2,0
0,329.26468,3.1738,35.5,3,1,5,0,0,0,0,0,1,0,0,0,1,0,0,0,0,1,0,0,1,0,0,0,0,0,0,0,0,2,0,0
0,182.21966,-0.482700000000001,64.52,4,2,0,0,0,0,0,0,2,0,0,0,0,0,0,0,0,0,0,0,0,0,0,0,0,0,0,0,0,1,0,0
0,208.21388,-0.3215,84.75,5,2,4,0,0,0,0,0,2,0,0,0,0,0,0,0,0,0,0,0,0,0,0,0,0,0,0,0,2,1,0,0
0,302.41454,1.16,57.35,5,3,7,0,0,0,1,0,0,0,3,0,0,0,0,0,0,0,0,0,1,1,0,0,0,0,0,0,4,3,2,0
0,244.2196232,-1.4326,85.19,7,2,2,0,0,0,1,1,2,0,0,0,0,0,0,0,0,0,0,0,0,0,0,0,0,0,1,0,1,1,0,0
0,411.4923832,2.5834,58.97,6,1,5,0,0,0,0,0,1,0,1,0,1,1,0,0,0,0,1,0,2,0,1,0,0,0,1,0,2,4,2,0
0,488.4788696,3.9606,82.98,9,1,8,1,0,0,1,0,0,0,0,0,0,0,0,0,0,0,0,0,2,1,0,1,0,0,3,0,1,2,0,0
0,359.4228,-0.500499999999996,101.05,8,3,8,0,0,0,1,1,2,0,0,0,0,0,0,0,0,0,0,0,0,0,0,0,1,0,0,0,3,1,0,0
0,538.45792,-0.158799999999998,180.3,10,6,3,0,0,0,2,6,0,0,0,0,0,2,0,0,0,0,0,0,4,8,0,0,0,0,0,0,0,6,4,0
0,137.13598,-0.1854,66.48,3,3,1,1,0,0,0,0,0,1,0,0,0,0,0,0,0,0,0,0,1,0,1,0,0,0,0,0,0,1,0,0
0,228.11774,2.6108,12.03,1,1,1,0,0,0,0,0,0,0,1,0,0,0,0,0,0,0,1,1,1,0,0,1,0,0,0,0,1,2,-1,0
0,784.75492,-3.01699999999999,285.37,19,9,16,0,0,1,8,9,0,0,0,0,0,0,0,0,0,0,0,0,2,4,0,0,0,0,0,0,1,5,0,0
0,457.4847496,5.02410000000001,61.72,7,2,6,1,0,0,1,0,0,0,1,0,0,0,0,0,0,0,0,0,2,1,1,0,0,1,3,0,3,2,0,0
0,357.40692,-3.03139999999999,107.13,8,2,5,0,0,0,0,1,1,0,0,0,0,0,0,0,0,0,0,0,0,0,0,0,0,0,0,0,2,2,0,0
0,492.58992,1.1014,102.67,8,1,6,0,0,0,0,1,3,0,0,0,0,0,0,0,0,0,0,1,1,0,1,0,0,0,0,0,2,3,2,0
0,410.4516096,3.5541,96.19,9,2,11,1,0,0,0,0,0,0,1,0,0,0,0,0,1,0,0,0,1,0,1,0,0,0,3,0,6,1,0,0
0,414.5393,5.0289,46.94,4,1,8,0,0,0,0,1,1,0,0,0,1,0,0,0,0,0,0,1,3,0,0,2,0,0,0,0,1,3,0,1
0,382.41792,1.982,72.62,7,0,4,0,0,0,0,0,0,0,0,0,1,0,0,0,0,0,0,0,1,0,0,0,1,0,0,0,0,3,0,0
0,558.6398032,4.47970000000001,116.42,8,4,13,1,0,0,0,2,1,0,0,0,1,0,0,0,0,0,0,0,3,0,1,1,0,1,1,0,3,3,0,1
0,540.6245232,5.52530000000001,85.19,7,2,9,0,0,1,0,1,1,0,0,0,1,0,0,0,0,0,0,0,3,0,1,1,0,1,1,0,3,4,0,1
0,510.62182,3.1811,94.86,8,1,13,1,0,0,3,0,1,0,0,0,1,0,0,0,0,0,0,1,2,3,0,1,0,0,0,0,4,2,0,1
0,485.58074,0.315300000000008,96.09,9,3,11,0,0,0,1,0,1,0,2,0,2,0,0,0,0,0,0,0,2,1,4,1,0,1,0,0,0,3,0,1
0,395.4267832,2.1613,76.99,7,1,5,0,0,0,1,0,1,0,0,0,0,0,0,0,0,0,1,0,2,0,0,1,0,0,1,0,3,4,2,0
0,459.9011232,0.641000000000003,81.26,9,1,6,0,0,1,1,0,1,0,1,0,1,0,0,0,0,0,0,0,2,2,2,0,0,0,1,0,0,4,2,0
0,184.19248,-1.1017,84.75,5,2,2,0,0,0,0,0,2,0,0,0,0,0,0,0,0,0,0,0,0,0,0,0,0,0,0,0,2,1,0,0
0,204.23178,-1.8605,77.38,6,3,2,0,0,0,0,0,0,0,1,0,1,0,0,0,0,0,0,0,0,0,0,0,0,0,0,0,0,1,0,0
0,357.22622,0.593100000000002,79.79,6,2,7,0,0,0,0,0,0,0,2,0,0,0,0,0,0,0,0,0,0,0,0,0,1,0,0,0,0,1,0,0
0,278.33016,0.219700000000002,79.79,6,2,7,0,0,0,0,0,0,0,2,0,0,0,0,0,0,0,0,0,0,0,0,0,1,0,0,0,0,1,0,0
0,368.4527,2.4162,79.79,6,2,9,0,0,0,0,0,0,0,2,0,0,0,0,0,0,0,0,0,1,0,0,0,1,0,0,0,1,2,0,0
0,275.32952,-0.747699999999996,108.36,6,5,5,0,0,0,0,0,1,0,1,0,0,0,0,0,0,0,0,0,1,0,1,0,0,0,0,0,0,1,0,0
0,324.3986,0.186800000000003,80.23,7,2,9,0,0,0,1,0,0,0,2,0,1,0,0,0,0,0,0,0,0,0,0,0,0,0,0,0,0,0,0,0
0,337.37576,0.833000000000003,83.03,7,2,6,0,0,0,0,0,0,0,2,0,1,0,0,0,0,0,0,0,1,0,1,0,1,1,0,0,0,2,0,0
0,290.40054,2.3657,44.73,4,1,8,0,0,0,1,0,1,0,0,0,1,0,0,0,0,0,1,0,1,1,0,0,0,0,0,0,4,2,0,1
0,249.34862,2.4301,32.7,3,1,6,0,0,0,1,1,0,0,0,0,1,0,0,0,0,0,1,0,1,1,0,0,0,0,0,0,4,2,0,1
0,325.44788,3.127,36.53,4,1,8,0,0,0,1,0,0,0,1,0,1,0,0,0,0,0,1,0,1,1,0,0,0,0,0,0,4,3,0,1
0,331.4756,2.6474,36.53,4,1,8,0,0,0,1,0,0,0,1,0,1,0,0,0,0,0,1,0,1,1,0,0,0,0,0,0,4,2,0,1
0,365.46868,3.242,45.76,5,1,8,0,0,0,2,0,0,0,1,0,1,0,0,0,0,0,1,0,2,2,1,0,0,0,0,0,4,3,0,1
0,233.29284,-0.716899999999999,102.12,5,6,3,0,0,0,0,0,0,1,1,0,0,0,0,0,0,0,0,0,1,0,1,0,0,0,0,0,0,1,0,0
0,314.36886,-2.0772,138.21,8,6,8,0,0,0,0,0,0,0,3,0,0,0,1,0,0,0,0,0,1,0,1,0,0,0,0,0,0,1,0,0
0,564.1198,2.4914,123.49,9,2,11,0,0,0,0,0,2,0,0,0,2,0,0,0,1,0,0,0,2,0,1,0,0,0,0,0,2,3,0,0
0,602.12802,1.0441,138.76,11,2,11,0,0,0,0,0,2,0,0,0,2,0,0,0,1,0,0,0,2,0,2,0,0,0,0,0,1,3,0,0
0,605.17172,1.9296,126.73,10,2,11,0,0,0,0,0,2,0,0,0,3,0,0,0,1,0,0,1,2,0,2,0,0,0,0,0,3,3,0,1
0,621.17112,1.16600000000001,135.96,11,2,11,0,0,0,1,0,2,0,0,0,3,0,0,0,1,0,0,0,2,0,2,0,0,0,0,0,1,4,0,1
0,594.14578,2.2604,132.72,10,2,13,0,0,0,1,0,2,0,0,0,2,0,0,0,1,0,0,0,2,0,2,0,0,0,0,0,1,3,0,1
0,387.51572,1.8189,57.2,6,1,8,0,0,0,2,0,1,0,0,0,2,0,0,0,0,0,1,0,1,1,0,0,0,0,0,0,5,3,0,0
0,424.84368,-0.170199999999996,122.11,10,2,6,0,0,0,1,0,0,0,0,0,1,0,0,0,0,0,0,0,2,0,1,0,0,0,0,0,0,2,0,1
0,477.4347128,0.970799999999999,97.02,11,1,5,0,0,0,0,0,2,0,0,0,1,0,1,0,0,0,0,0,1,0,1,0,1,0,4,0,3,2,0,1
0,498.3791896,4.8034,47.53,7,2,9,0,0,0,0,0,1,0,1,0,1,0,0,0,0,0,1,0,2,0,1,0,0,0,3,0,4,3,0,0
0,78.11184,2.3406,0,0,0,0,0,0,0,0,0,0,0,0,0,0,0,0,0,0,0,0,0,1,0,0,0,0,0,0,0,0,1,0,0
0,467.55556,5.75220000000001,81.95,5,2,11,1,0,0,1,0,1,0,0,0,0,0,0,0,0,0,0,0,3,1,0,0,0,0,0,0,4,4,2,0
0,506.5883832,4.1598,76.4,7,1,11,1,0,0,1,0,1,0,0,0,1,0,0,0,0,0,0,0,2,1,1,0,0,0,1,0,1,3,0,1
0,495.42526,2.0615,95.06,8,2,5,0,0,0,0,0,0,0,1,0,1,0,0,0,1,0,0,0,1,0,0,0,0,0,0,0,0,3,0,0
0,523.4670064,5.2777,62.21,8,0,8,0,0,0,0,0,0,0,0,0,1,0,0,0,1,0,1,0,1,0,0,0,0,0,2,0,5,2,0,0
0,509.4404264,4.9355,71,8,1,8,0,0,0,0,0,0,0,1,0,0,0,0,0,1,0,1,0,1,0,0,0,0,0,2,0,5,2,0,0
0,535.9308864,2.9281,133.06,11,3,6,0,0,0,1,0,0,0,0,0,0,0,0,0,1,0,0,0,3,2,0,0,0,0,2,0,0,3,0,0
0,416.92104,5.10270000000001,73.75,5,1,6,0,0,0,1,0,0,0,0,0,0,0,0,0,1,0,0,0,2,0,0,1,0,0,0,0,5,3,2,0
0,447.8822296,3.7925,76.55,8,2,6,0,0,0,0,0,0,0,1,0,0,0,0,0,1,0,0,0,2,0,1,0,0,0,3,0,0,2,0,0
0,474.4012,3.2537,86.22,7,2,7,0,0,0,2,0,0,0,1,0,1,0,0,0,1,0,1,0,2,2,2,0,0,0,0,0,2,3,0,0
0,476.8620064,2.3785,88.58,8,2,4,1,0,0,0,0,0,0,1,0,0,0,0,0,0,0,0,0,3,0,1,0,0,0,2,0,0,4,0,0
0,429.49756,-0.493999999999994,114.84,8,2,4,0,0,0,0,0,1,0,0,0,1,0,1,0,0,0,0,1,1,0,0,0,0,0,0,0,0,3,0,0
0,445.5070632,2.7306,102.42,8,0,7,0,0,0,1,0,1,0,0,0,1,0,1,0,1,0,0,0,2,1,1,0,0,0,1,0,0,3,0,1
0,485.4518728,2.8845,102.42,11,0,7,0,0,0,1,0,1,0,0,0,1,0,1,0,1,0,0,0,2,1,1,0,0,0,4,0,0,3,0,1
0,180.16402,-2.6971,71,6,1,0,0,0,0,0,0,2,0,0,0,1,0,0,0,0,0,0,0,0,0,0,0,0,0,0,0,0,1,0,0
0,584.56788,0.6238,176.76,12,4,10,1,0,2,4,3,0,0,0,0,0,0,0,0,0,2,0,0,2,0,0,0,0,0,0,0,0,6,7,0
0,336.36122,0.871200000000002,41.36,5,0,2,0,0,0,4,0,0,0,0,0,1,0,0,0,0,0,0,0,2,4,0,1,1,0,0,0,1,4,6,1
0,463.552,2.60690000000001,123.83,8,3,7,0,0,0,0,0,0,0,1,0,0,0,0,0,1,0,0,0,2,0,0,1,0,0,0,0,0,3,0,0
0,697.80008,-5.03079999999999,265.34,17,9,19,5,0,0,0,0,0,1,2,0,4,0,0,0,0,0,0,0,1,0,1,1,0,0,0,0,4,1,0,1
0,313.308,0.8558,113.42,7,3,3,0,0,0,0,1,1,0,0,0,0,0,0,0,0,0,0,0,2,0,1,1,0,0,0,0,1,2,0,0
0,397.1697,-0.239899999999998,129.48,9,2,3,0,0,0,0,2,0,0,0,0,0,0,0,0,0,0,0,0,0,0,0,0,1,0,0,0,0,2,0,0
0,538.45792,-0.158799999999998,180.3,10,6,3,0,0,0,2,6,0,0,0,0,0,2,0,0,0,0,0,0,4,8,0,0,0,0,0,0,0,6,4,0
0,422.8677896,6.78610000000001,29.46,5,0,7,0,0,1,0,0,0,0,0,0,0,0,0,0,0,0,0,0,2,0,0,0,0,0,3,0,0,2,0,0
0,896.04698,1.72560000000001,237.74,17,7,20,0,0,0,0,0,7,0,1,0,1,0,0,0,0,0,0,0,4,0,3,0,0,0,0,0,4,5,0,1
0,228.28634,3.1148,40.46,2,2,2,0,0,0,0,2,0,0,0,0,0,0,0,0,0,0,0,0,2,2,0,0,0,0,0,0,0,2,0,0
0,406.43448,-0.259499999999996,100.46,8,1,6,0,0,0,1,0,2,0,1,0,0,1,0,0,0,0,0,0,1,0,0,0,1,1,0,0,0,3,0,0
0,515.49772,5.49070000000001,50.77,5,1,10,0,0,0,0,0,0,0,0,0,0,0,0,0,0,0,1,0,1,0,1,0,0,0,0,0,6,2,0,0
0,370.4206232,0.775200000000002,93.78,7,4,6,0,0,0,0,0,1,0,1,0,1,0,0,0,0,0,1,0,1,0,2,1,0,1,1,0,2,2,0,1
0,418.2844,1.4484,68.2,6,0,2,0,0,1,0,0,1,0,0,0,1,0,0,0,0,0,0,1,1,0,1,0,0,0,0,0,2,1,0,1
0,258.229202,-1.5265,99.38,7,3,8,0,0,0,0,2,0,0,0,1,0,0,0,0,0,0,0,0,0,0,0,0,0,0,0,0,0,0,0,0
0,425.54378,4.7878,99.77,6,4,10,0,0,0,1,0,0,0,2,0,0,0,0,0,1,0,0,0,3,1,2,0,0,0,0,0,2,3,0,0
0,540.5120464,0.484700000000002,154.67,11,6,6,1,0,0,1,3,1,0,1,0,0,1,0,0,0,0,0,0,3,0,1,0,0,0,2,0,2,4,0,0
0,252.26798,1.4216,62.02,4,2,1,0,0,0,0,0,1,0,0,0,0,0,0,1,0,0,0,0,2,0,1,0,0,0,0,0,0,2,0,0
0,499.64048,6.28100000000001,73.16,5,1,11,1,0,0,1,0,0,0,0,0,1,1,0,0,0,0,1,0,3,0,0,0,0,0,0,0,4,4,0,0
0,513.5229632,0.568900000000006,125.11,11,3,7,0,0,0,1,0,3,0,0,0,0,0,0,0,0,0,0,0,2,1,2,0,1,0,1,0,0,4,2,0
0,589.6258096,5.6456,131.44,11,3,11,0,0,0,1,0,2,0,0,0,0,0,0,0,1,0,0,0,3,1,0,0,0,0,3,0,0,3,0,0
0,352.4284,4.3642,33.29,3,2,4,0,0,0,1,0,0,0,2,0,0,0,0,0,0,0,0,0,3,1,2,1,0,2,0,0,0,3,0,0
0,309.7630832,3.1501,30.49,4,1,5,0,0,0,2,0,0,0,1,0,0,0,0,0,0,0,0,0,2,2,0,0,0,0,1,0,0,2,0,0
0,464.820136,1.369,72.62,12,2,8,0,0,0,1,0,0,0,2,0,0,0,0,0,0,0,0,0,1,1,0,3,0,0,5,0,1,2,0,0
0,179.197082,0.6998,66.48,3,3,6,0,0,0,0,0,0,0,0,0,0,0,0,0,0,0,0,0,0,0,0,0,0,0,0,0,3,0,0,0
0,290.70174,0.529799999999999,73.75,5,1,4,1,0,0,1,0,0,0,0,0,0,0,0,0,0,0,0,0,1,1,0,0,0,0,0,0,2,2,0,0
0,353.36856,1.2166,60.39,6,1,0,0,0,0,4,1,0,0,0,0,1,0,0,0,0,0,0,0,2,4,0,1,0,0,0,0,1,4,6,1
0,416.4248,6.19060000000001,32.7,3,0,17,0,0,1,0,0,0,0,0,0,1,0,0,0,0,0,0,0,1,0,1,0,0,0,0,0,9,1,0,1
0,354.30872,-2.4505,171.07,9,6,6,1,0,1,0,5,0,0,0,0,0,0,0,0,0,1,0,0,1,2,0,0,0,0,0,0,0,2,0,0
0,333.44512,3.2216,61.72,4,1,5,0,0,0,1,0,1,0,0,0,0,0,0,0,0,1,0,0,1,1,0,0,0,0,0,0,1,2,0,0
0,148.15862,1.6576,40.46,2,1,3,1,0,0,0,0,0,0,0,0,0,0,0,0,0,0,0,0,1,0,0,0,0,0,0,0,0,1,0,0
0,259.34674,1.7222,27.74,4,0,6,0,0,0,1,0,0,0,0,0,1,0,0,0,0,0,0,0,1,0,0,1,0,0,0,0,0,1,0,0
0,898.94676,1.68240000000001,272.51,17,6,18,0,0,4,1,4,2,0,0,0,0,1,0,0,0,1,0,0,3,0,0,0,0,0,0,0,1,5,0,0
0,289.32636,1.3756,70.95,5,1,5,0,0,2,0,0,0,0,1,0,0,0,0,0,0,0,1,1,1,0,0,0,0,0,0,0,3,2,0,0
0,162.1406,-2.789,93.45,5,4,0,0,0,0,0,4,0,0,0,0,0,0,0,1,0,1,0,0,0,0,0,0,0,0,0,0,0,1,0,0
0,320.31876,0.582700000000002,41.36,5,0,0,0,0,0,4,0,0,0,0,0,1,0,0,0,0,0,0,0,2,4,0,1,1,0,0,0,1,4,6,1
0,346.4605,2.3302,80.92,4,2,2,0,0,0,0,2,0,0,0,0,0,2,0,0,0,2,0,0,0,0,0,0,0,0,0,0,2,3,4,0
0,382.45284,1.801,74.19,6,1,6,0,0,1,1,0,1,0,0,0,1,0,0,0,0,0,1,1,1,0,1,1,0,1,0,0,2,2,0,1
0,176.21508,0.3986,35.5,3,0,1,0,0,0,0,0,1,0,0,0,0,0,0,0,0,0,0,1,0,0,0,0,1,0,0,0,2,1,0,0
0,323.34588,0.538200000000002,85.78,6,2,6,0,0,0,1,0,1,0,1,0,0,1,0,0,0,0,0,0,1,0,0,0,0,0,0,0,0,3,2,0
0,332.3262832,-0.0884999999999998,93.98,7,3,6,0,0,0,1,1,1,0,1,0,0,1,0,0,0,0,0,0,1,1,1,0,0,1,1,0,3,2,0,0
0,252.204742,-2.5672,116.42,7,4,5,1,0,0,0,0,0,0,1,0,1,0,0,0,0,0,0,0,0,0,0,0,0,0,0,0,1,1,0,0
0,368.3799,2.0107,99.38,6,2,10,0,0,0,2,2,0,0,0,0,0,2,0,0,0,0,0,0,2,4,0,0,0,0,0,0,1,2,0,0
0,236.26704,0.0685999999999993,84.75,5,2,2,0,0,0,0,0,2,0,0,0,0,0,0,0,0,0,0,0,0,0,0,0,0,0,0,0,5,2,0,0
0,84.15948,2.3406,0,0,0,0,0,0,0,0,0,0,0,0,0,0,0,0,0,0,1,0,0,0,0,0,0,0,0,0,0,0,1,0,0
0,98.18606,2.5866,0,0,0,0,0,0,0,0,0,0,0,0,0,0,0,0,0,0,1,0,0,0,0,0,0,0,0,0,0,0,1,0,0
0,320.34194,2.4784,73.75,5,2,5,0,0,0,1,0,0,0,0,0,0,0,0,0,0,0,0,0,2,0,0,1,0,0,0,0,0,2,0,0
0,190.24166,0.3986,35.5,3,1,0,0,0,0,0,0,1,0,1,0,0,0,0,0,0,0,2,0,0,0,0,0,0,0,0,0,1,3,5,0
0,519.5624096,3.6167,114.6,10,3,5,0,0,0,0,0,0,0,0,0,0,0,0,0,1,0,0,0,2,0,1,0,0,0,3,0,0,3,0,0
0,332.48688,0.445000000000004,82.58,6,4,12,0,0,0,0,0,0,0,2,0,2,0,0,0,0,0,0,0,1,0,0,0,0,0,0,0,2,1,0,0
0,751.6688496,6.91530000000001,106.5,12,2,12,0,0,0,0,0,0,0,0,0,0,0,0,0,0,0,1,1,2,0,1,0,0,0,3,0,5,3,0,0
0,142.28168,4.147,0,0,0,7,0,0,0,0,0,0,0,0,0,0,0,0,0,0,0,0,0,0,0,0,0,0,0,0,0,8,0,0,0
0,328.3591,2.8272,68.15,5,0,4,0,0,2,1,0,0,0,0,0,0,0,0,0,0,0,0,0,1,2,0,0,0,0,0,0,1,3,4,0
0,446.3695,3.4072,47.97,5,1,7,0,0,0,1,0,1,0,0,0,2,0,0,0,0,0,0,0,2,1,2,0,0,0,0,0,2,4,2,1
0,358.4712,3.7204,69.92,4,2,5,1,0,0,1,1,0,0,0,0,0,0,0,0,0,0,0,0,1,2,0,0,0,0,0,0,6,3,4,0
0,341.48704,4.4613,43.7,3,2,8,0,0,0,0,2,0,0,0,0,1,0,0,0,0,0,0,0,2,1,0,0,0,0,0,0,1,2,0,0
0,286.71304,1.7797,55.73,4,1,1,0,0,0,0,0,2,0,0,0,0,0,0,0,0,0,0,0,2,0,2,0,0,0,0,0,1,2,0,0
0,390.55612,5.89560000000001,58.92,4,0,16,0,0,2,0,0,0,0,0,0,0,0,0,0,0,0,0,0,1,0,0,0,0,0,0,0,8,1,0,0
0,216.27894,0.9917,24.5,3,0,0,0,0,0,1,0,0,0,0,0,1,0,0,0,0,0,1,1,0,0,0,0,1,0,0,0,3,3,4,0
0,407.63796,1.3564,93.78,6,1,4,0,0,0,0,0,2,0,0,0,0,0,1,0,0,0,0,0,2,0,1,1,0,0,0,0,0,3,0,0
0,290.811,3.2237,29.26,2,2,3,0,0,0,0,0,0,0,0,0,1,0,0,0,0,0,0,0,2,0,1,0,0,0,0,0,1,2,0,1
0,252.3541,3.5486,29.26,2,2,3,0,0,0,0,0,0,0,0,0,1,0,0,0,0,0,0,0,2,0,1,0,0,0,0,0,3,2,0,1
0,425.5604,2.9715,62.16,5,2,4,0,0,0,2,2,0,0,0,0,1,0,0,0,0,3,1,0,1,2,0,1,0,0,0,0,4,6,17,1
0,70.08984,1.0428,9.23,1,0,2,0,0,0,1,0,0,0,0,0,0,0,0,0,0,0,0,0,0,0,0,0,0,0,0,0,0,0,0,0
0,343.2977496,2.164,70.95,8,1,5,0,0,1,1,0,0,0,1,0,0,1,0,0,0,0,0,0,1,1,1,0,0,0,3,0,1,2,0,0
0,268.3089,-1.1401,110.18,6,5,8,1,0,0,0,2,0,1,0,0,1,0,0,0,0,0,0,0,1,0,1,1,0,0,0,1,1,1,0,1
0,807.87922,1.9926,240.25,15,5,13,0,0,4,1,4,1,0,0,0,0,1,0,0,0,1,0,0,2,0,0,0,0,0,0,0,1,4,-1,0
0,513.56102,3.6076,125.4,7,3,9,1,0,2,0,0,0,1,0,0,0,0,0,0,0,0,0,0,3,0,0,1,0,0,0,1,1,3,0,0
0,996.22592,-0.174300000000005,381.8,21,14,40,1,0,0,0,0,5,1,1,0,0,0,0,0,1,0,0,0,2,0,0,2,0,0,0,0,15,2,0,0
0,563.64292,3.5379,95.45,8,2,9,0,0,0,3,0,1,0,1,0,1,1,0,0,0,0,0,0,4,3,2,1,0,0,0,0,2,6,6,1
0,464.4359528,2.2649,84.99,10,1,5,0,0,0,0,0,2,0,0,0,1,0,1,0,0,0,0,0,2,0,2,0,0,0,4,0,0,2,0,1
0,311.3502064,1.0661,50.52,6,3,3,0,0,0,1,0,0,0,1,0,1,0,0,0,0,0,0,0,1,1,0,1,0,0,2,0,2,2,2,1
0,411.605,4.0743,76.55,5,2,9,0,0,0,0,0,0,0,1,0,0,0,0,0,1,0,0,0,1,0,0,0,0,0,0,0,4,1,0,0
0,428.48306,2.9955,97.81,7,2,8,0,0,0,1,1,0,0,0,0,0,1,0,0,0,0,0,0,3,2,0,0,0,0,0,0,2,3,0,0
0,28.05316,1.0262,0,0,0,0,0,0,0,0,0,0,0,0,0,0,0,0,0,0,0,0,0,0,0,0,0,0,0,0,0,0,0,0,0
0,165.18914,0.8588,55.48,3,2,3,0,0,1,0,0,0,1,0,0,0,0,0,0,0,0,0,0,1,0,1,0,0,0,0,0,0,1,0,0
0,194.184,0.2533,69.92,4,2,4,1,0,0,1,1,0,0,0,0,0,0,0,0,0,0,0,0,1,2,0,0,0,0,0,0,0,1,0,0
0,369.3383296,-0.759999999999998,70.41,9,1,4,1,0,0,0,0,0,0,0,0,3,1,0,0,0,0,0,0,1,0,2,0,0,0,3,0,0,3,2,2
0,415.4579432,0.737700000000003,77.43,8,2,7,0,0,0,2,1,1,0,0,0,2,0,0,0,0,0,0,0,2,2,1,0,0,0,1,0,0,4,2,1
0,260.2190232,-2.1126,105.42,8,3,2,0,0,0,1,2,2,0,0,0,0,0,0,0,0,0,0,0,0,0,0,0,0,0,1,0,1,1,0,0
0,449.49568,2.848,100.41,7,3,11,0,0,0,3,2,1,0,0,0,0,0,0,0,0,0,0,0,3,5,0,1,0,0,0,0,1,3,0,0
0,421.51202,2.5036,65.99,6,1,6,0,0,0,2,0,0,0,0,0,1,0,0,0,0,0,0,0,1,1,0,0,0,0,0,0,2,4,2,0
0,632.6537664,2.4021,116.71,12,2,14,0,0,0,4,0,2,0,0,0,1,0,0,0,0,0,0,0,3,3,3,0,1,0,2,0,3,5,2,0
0,247.2467032,-1.8017,90.98,7,3,2,0,0,0,1,1,2,0,0,0,0,0,0,0,0,0,0,0,0,0,0,0,0,0,1,0,0,1,0,0
0,383.3515064,0.0771000000000033,117.59,9,3,6,0,0,0,1,0,1,0,0,0,0,0,1,0,0,0,0,0,1,0,1,0,1,0,2,0,0,3,0,0
0,171.23678,0.5964,66.48,3,3,3,1,0,0,0,0,0,0,0,0,0,0,0,0,0,1,0,0,0,0,0,0,0,0,0,0,1,1,0,0
0,369.41916,1.1559,85.58,6,2,3,0,0,0,0,0,0,0,0,0,0,0,0,0,0,0,0,1,1,0,1,0,2,0,0,0,2,3,2,0
0,286.27782,-1.646,119.61,7,5,4,0,0,0,2,5,0,0,0,0,0,0,0,0,0,0,0,0,1,1,0,0,0,0,0,0,0,2,0,0
0,513.63558,0.212000000000007,107.53,10,1,5,0,0,0,1,0,0,0,0,0,2,0,0,0,1,0,0,0,1,0,1,0,0,0,0,0,0,4,0,0
0,498.6011,-2.9796,133.55,11,3,6,0,0,0,1,1,1,0,0,0,2,0,0,0,0,0,0,0,0,0,0,0,0,0,0,0,0,4,0,0
0,366.45344,2.481,53.96,5,1,6,0,0,1,1,0,0,0,1,0,1,0,0,0,0,0,1,0,1,0,1,0,0,1,0,0,2,3,2,0
0,270.2369,0.0451999999999996,90.15,5,3,1,0,0,0,1,3,0,0,0,0,0,1,0,0,0,0,0,0,2,4,0,0,0,0,0,0,0,3,2,0
0,356.3246,-1.8435,138.07,9,4,4,0,0,1,3,4,0,0,0,0,0,0,0,0,0,0,0,0,0,0,0,0,0,0,0,0,0,3,2,0
0,154.12014,-1.181,80.92,4,3,1,1,0,0,0,2,0,0,0,0,0,0,0,0,0,0,0,0,1,2,0,0,0,0,0,0,0,1,0,0
0,408.39916,-0.9649,138.07,9,2,0,0,0.5,3,1,1,0,0,0,0,0,0,0,0,0,0,0,0,0,0,0,0,0,0,0,0,0,0,0,0
0,406.38328,-1.109,138.07,9,2,0,0,0,3,1,2,0,0,0,0,0,0,0,0,0,0,0,0,0,0,0,0,0,0,0,0,0,0,0,0
0,1079.2685,-1.48359999999998,357.06,22,14,16,0,0,0,8,14,0,0,0,0,0,0,0,0,0,3,0,0,0,0,0,0,0,0,0,0,2,7,4,0
0,421.48888,2.8989,97.22,7,3,11,0,0,1,0,0,1,0,0,0,1,0,0,0,0,0,0,0,3,0,1,0,0,0,0,0,0,3,2,1
0,1710.99396,-7.08670000000002,631.44,41,20,74,0,0,0,9,10,11,0,0,0,0,0,0,0,0,0,0,1,0,0,0,0,0,0,0,0,26,3,0,0
0,75.0666,-1.7442,66.48,3,3,1,1,0,0,0,0,0,0,0,0,0,0,0,0,0,0,0,0,0,0,0,0,0,0,0,0,0,0,0,0
0,470.68384,5.51040000000001,80.92,4,2,1,1,0,0,0,1,0,0,0,0,0,1,0,0,0,4,0,0,0,0,0,0,0,0,0,0,0,5,8,0
0,822.93208,-0.204399999999996,279.68,16,8,7,3,0,0,4,5,0,0,0,0,0,1,0,0,0,4,0,0,0,0,0,0,0,0,0,0,0,7,8,0
0,414.48138,-1.88099999999999,105.07,9,2,4,0,0,0,3,0,0,0,0,0,1,0,0,0,0,0,0,0,0,0,0,0,0,0,0,0,0,3,0,0
0,365.38256,1.4535,95.01,7,3,8,0,0,0,2,0,1,0,0,0,0,0,0,0,0,0,0,0,3,2,1,0,0,0,0,0,0,3,2,0
0,231.08192,0.296499999999999,76.1,4,4,4,0,0,0,0,0,0,0,0,0,0,0,0,0,0,0,0,0,1,0,0,0,0,0,0,0,0,1,0,0
0,293.3199,1.5266,68.54,5,2,1,0,0,0,2,0,0,1,0,0,0,0,0,0,0,0,0,0,2,2,1,1,0,0,0,0,1,2,0,0
0,100.20194,2.9767,0,0,0,4,0,0,0,0,0,0,0,0,0,0,0,0,0,0,0,0,0,0,0,0,0,0,0,0,0,5,0,0,0
0,86.17536,2.5866,0,0,0,3,0,0,0,0,0,0,0,0,0,0,0,0,0,0,0,0,0,0,0,0,0,0,0,0,0,4,0,0,0
0,236.26704,0.0206999999999993,75.96,5,1,1,0,0,0,0,0,2,0,0,0,0,0,0,0,0,0,0,0,0,0,0,0,0,0,0,0,4,2,0,0
0,128.12592,-0.5419,60.69,3,2,1,1,0,0,0,1,0,0,0,0,0,0,0,0,0,0,0,0,0,0,0,0,0,0,0,0,2,0,0,0
0,175.29498,0.262400000000001,55.28,3,3,6,0,0,0,0,0,0,0,0,0,1,0,0,0,0,0,0,0,0,0,0,0,0,0,0,0,2,0,0,0
0,266.33432,4.141,40.46,2,2,5,0,0,0,0,2,0,0,0,0,0,0,0,0,0,0,0,0,2,2,0,0,0,0,0,0,2,2,0,0
0,409.48478,-1.51189999999999,96.09,9,1,4,0,0,0,1,0,1,0,1,0,1,0,0,0,0,0,0,1,0,0,0,0,0,0,0,0,2,3,0,0
0,364.3945,2.1339,82.98,6,3,8,0,0,0,2,2,0,0,0,0,0,0,0,0,0,0,0,0,2,4,0,0,0,0,0,0,0,2,0,0
0,730.03388,6.09120000000001,124.27,9,3,8,1,0,0,2,0,0,3,0,0,0,0,0,0,0,3,0,0,0,0,0,0,0,0,0,0,1,6,9,0
0,304.341,-0.258399999999999,65.4,6,1,2,0,0,1,1,1,0,0,0,0,2,0,0,0,0,0,0,0,1,3,0,1,0,0,0,0,0,3,2,1
0,467.5158,2.3969,97.22,7,1,6,0,0,1,0,0,2,0,0,0,0,0,0,0,0,0,0,1,2,0,0,2,1,0,0,0,3,3,0,0
0,712.92054,3.18990000000001,158.74,11,5,17,0,0,1,0,1,2,1,0,0,2,0,0,0,0,0,0,0,2,0,0,0,1,0,0,0,3,4,0,0
0,384.46872,1.801,74.19,6,1,6,0,0,1,1,0,1,0,0,0,1,0,0,0,0,0,1,1,1,0,1,1,0,1,0,0,3,2,0,1
0,416.86144,-1.41489999999999,102.08,9,3,6,0,0,0,2,0,1,0,3,0,0,0,0,0,0,0,0,0,1,1,1,0,0,1,0,0,0,3,0,0
0,362.41838,4.8232,47.92,4,0,5,0,0,1,2,0,0,0,0,0,0,0,0,0,0,0,0,0,2,2,0,0,0,0,0,0,1,4,4,0
0,406.54872,1.2383,106.4,7,3,10,0,0,0,0,0,1,0,0,0,0,0,0,0,0,0,0,0,1,0,0,1,0,0,0,0,3,1,0,0
0,359.4195,0.0326000000000015,99.43,7,2,8,0,0,0,0,1,3,0,0,0,0,1,0,0,0,0,0,2,1,0,0,0,0,0,0,0,4,1,0,0
0,445.2226296,1.8317,71,9,1,5,0,0,0,0,0,2,0,0,0,0,0,0,0,0,0,0,0,1,0,2,0,0,0,3,0,0,2,0,0
0,467.47274,1.0445,97.66,8,2,2,0,0,1,1,1,1,0,0,0,2,0,0,0,0,0,0,0,3,0,2,0,0,2,0,0,1,3,0,2
0,254.28056,2.6808,60.69,3,1,4,1,0,0,0,0,0,0,0,0,0,1,0,0,0,0,0,0,2,0,0,0,0,0,0,0,0,2,0,0
0,416.46906,2.865,118.97,6,4,9,1,0,0,0,0,1,1,0,0,0,1,0,0,0,0,0,0,3,0,1,1,0,0,0,1,1,3,0,0
0,208.21388,-1.1071,112.73,5,5,4,1,0,0,0,0,0,2,0,0,0,1,0,0,0,0,0,0,1,0,1,0,0,0,0,0,1,1,0,0
0,339.4314,2.2613,72.96,5,0,8,0,0,0,0,0,2,0,0,0,0,0,1,0,0,0,0,2,1,0,0,0,0,0,0,0,7,1,0,0
0,326.82326,1.6991,30.54,4,1,3,0,0,0,0,0,0,0,1,0,2,0,0,0,0,0,0,0,1,0,1,0,1,1,0,0,0,3,0,1
0,357.79424,0.0588000000000024,72.03,7,0,2,0,0,0,0,0,1,0,0,0,1,0,0,0,0,0,0,0,1,0,1,0,0,0,0,0,0,1,0,1
0,90.07794,-1.3221,60.69,3,2,1,1,0,0,0,1,0,0,0,0,0,0,0,0,0,0,0,0,0,0,0,0,0,0,0,0,0,0,0,0
0,89.09318,-1.3557,66.48,3,3,1,1,0,0,0,0,0,1,0,0,0,0,0,0,0,0,0,0,0,0,0,0,0,0,0,0,0,0,0,0
0,352.86054,2.9231,21.75,4,0,4,0,0,0,0,0,0,0,0,0,2,0,0,0,0,0,0,0,2,0,2,0,0,0,0,0,0,3,0,1
0,554.64276,0.280300000000008,108.56,11,2,11,0,0,0,2,0,1,0,1,0,2,0,0,0,0,0,0,0,2,1,3,0,0,0,0,0,0,4,0,1
0,420.5190632,4.6216,69.72,5,1,5,1,0,0,0,0,0,0,0,0,1,0,1,0,0,1,1,0,2,0,0,1,0,0,1,0,1,4,0,0
0,257.37062,3.048,23.47,2,1,0,0,0,0,0,1,0,0,0,0,1,0,0,0,0,1,1,0,1,1,0,1,0,0,0,0,2,4,7,1
0,341.42582,1.1867,111.21,7,3,7,0,0,0,1,0,1,0,0,0,1,0,0,0,1,0,0,1,1,1,0,0,0,0,0,0,2,1,0,0
0,308.76492,1.7029,39.33,4,1,3,0,0,0,0,0,0,0,1,0,1,0,0,0,0,0,0,0,2,0,2,0,0,0,0,0,0,2,0,1
0,379.87928,4.78020000000001,43.7,3,1,4,1,0,0,0,0,0,0,0,0,1,0,0,0,0,0,0,1,2,0,0,1,0,1,0,0,2,2,0,1
0,270.39252,3.2671,15.27,2,1,4,0,0,0,0,0,0,0,1,0,1,0,0,0,0,0,0,0,2,0,1,0,0,0,0,0,1,2,0,1
0,206.32556,2.0112,40.46,2,1,5,1,0,0,0,0,0,0,0,0,0,0,0,0,0,0,0,0,0,0,0,0,0,0,0,0,5,0,0,0
0,538.45638,-1.7038,220.76,12,7,10,2,0,1,1,5,0,0,0,0,0,0,0,0,0,0,0,0,3,6,0,0,0,0,0,0,1,3,0,0
0,718.6138,-2.08819999999999,290.68,16,9,15,2,0,2,1,7,0,0,0,0,0,0,0,0,0,0,0,0,4,8,0,0,0,0,0,0,2,4,0,0
0,131.17292,-0.3295,66.48,3,3,3,1,0,0,0,0,0,1,0,0,0,0,0,0,0,0,0,0,0,0,0,0,0,0,0,0,1,0,0,0
0,507.5284864,2.4931,131,9,5,10,1,0,0,0,0,1,1,1,0,0,1,0,0,0,0,0,0,3,0,1,0,0,0,2,0,5,3,0,0
0,382.45284,2.0864,118.97,6,4,11,1,0,0,0,0,1,1,0,0,0,1,0,0,0,0,0,0,2,0,0,1,0,0,0,0,3,2,0,0
0,229.2131232,-0.0640999999999992,60.15,6,2,3,0,0,0,0,0,0,0,1,0,0,0,0,0,0,0,0,0,1,0,1,1,0,1,1,0,0,1,0,0
0,337.45528,4.5019,43.7,3,1,6,0,0,0,0,1,0,0,0,0,1,1,0,0,0,0,1,0,2,0,0,0,0,0,0,0,5,3,0,0
0,415.5241432,2.972,47.97,6,1,7,0,0,0,1,1,0,0,0,0,2,0,0,0,0,0,1,0,2,1,1,0,0,0,1,0,2,3,0,0
0,300.78436,0.5818,64.52,4,1,4,1,0,0,0,0,0,0,0,0,0,0,0,0,0,0,0,0,0,0,0,0,0,0,0,0,2,1,0,0
0,88.14818,1.1689,20.23,1,1,3,0,0,0,0,1,0,0,0,0,0,0,0,0,0,0,0,0,0,0,0,0,0,0,0,0,3,0,0,0
0,300.30924,0.0323999999999992,118.97,6,5,6,1,0,0,0,1,1,1,0,0,0,0,0,0,0,0,0,0,2,1,1,1,0,0,0,1,1,2,0,0
0,423.6157,4.0727,76.55,5,2,5,0,0,0,0,0,0,0,1,0,0,0,0,0,1,1,0,0,1,0,0,0,0,0,0,0,1,2,0,0
0,433.5146064,2.92,47.97,7,1,7,0,0,0,1,1,0,0,0,0,2,0,0,0,0,0,1,0,2,1,1,0,0,0,2,0,2,3,0,0
0,413.53638,0.607600000000004,80.82,7,2,10,0,0,0,1,0,1,0,1,0,1,0,0,0,0,0,0,0,0,0,0,0,1,0,0,0,1,2,0,0
0,443.4331232,-0.248899999999994,104.88,10,1,5,0,0,0,1,0,1,0,0,0,0,0,0,0,0,0,0,0,1,0,1,0,1,0,1,0,0,3,0,0
0,359.3451064,-0.8799,127.17,8,5,5,2,0,0,0,1,0,3,0,0,0,0,0,0,0,1,0,0,1,0,0,0,0,0,2,0,0,2,0,0
0,424.5143632,1.2666,92.41,8,3,7,0,0,0,0,0,2,0,1,0,0,0,0,0,0,0,0,0,1,0,1,1,1,0,1,0,1,3,2,0
0,373.79364,-0.826299999999996,92.26,8,1,2,0,0,0,0,1,1,0,0,0,1,0,0,0,0,0,0,0,1,0,1,0,0,0,0,0,0,1,0,1
0,389.79304,-1.8539,112.49,9,2,3,0,0,0,0,2,1,0,0,0,1,0,0,0,0,0,0,0,1,0,1,0,0,0,0,0,0,1,0,1
0,451.3941328,2.0378,93.19,10,1,4,1,0,0,0,0,1,0,0,0,1,0,1,0,0,0,0,0,2,0,2,0,0,0,4,0,0,2,0,1
0,220.22458,-0.2773,87.74,5,3,2,1,0,0,1,0,0,0,0,0,0,0,0,0,0,0,0,0,1,0,0,1,0,0,0,0,0,1,0,0
0,415.4247832,-3.3029,111.36,12,2,7,0,0,0,1,0,1,0,1,0,2,0,0,0,0,0,0,1,0,0,0,0,0,0,1,0,0,1,0,0
0,213.23854,-1.3868,65.35,5,2,0,0,0,0,0,0,0,0,0,0,1,0,0,0,0,0,0,0,0,0,0,0,0,0,0,0,0,2,2,0
0,1024.17796,-4.48970000000003,404.49,24,16,20,0,0,0,0,0,8,0,3,0,0,0,0,0,0,0,0,0,2,0,1,2,0,1,0,0,12,2,0,0
0,67.0892,0.6011,26.02,1,0,1,0,0,0,0,0,0,0,0,0,0,0,1,0,0,0,0,0,0,0,0,0,0,0,0,0,0,0,0,0
0,500.67658,4.455,89.02,7,2,8,0,0,0,1,0,0,0,2,0,0,0,0,0,1,0,1,0,2,1,1,1,0,0,0,0,2,3,0,0
0,433.93326,2.0272,71.59,6,1,6,0,0,0,0,0,1,0,1,0,0,0,0,0,0,0,0,1,1,0,0,0,1,0,0,0,3,3,0,0
0,420.8154496,3.2372,50.77,8,0,3,0,0,0,0,0,1,0,0,0,1,0,0,0,0,0,0,0,2,0,0,2,0,0,3,0,0,3,0,1
0,460.8793096,4.0174,50.77,8,0,4,0,0,0,0,0,1,0,0,0,1,0,0,0,0,0,0,0,2,0,0,2,0,0,3,0,3,3,0,1
0,474.7868392,3.7796,50.77,11,0,3,0,0,0,0,0,1,0,0,0,1,0,0,0,0,0,0,0,2,0,0,2,0,0,6,0,0,3,0,1
0,555.4624224,4.9859,93.39,13,0,8,0,0,0,1,0,1,0,0,0,0,1,0,0,1,0,1,0,2,1,0,0,0,0,7,0,2,3,0,0
0,366.47658,3.0352,55.73,4,1,4,0,0,0,0,1,1,0,0,0,0,0,0,0,0,0,1,0,2,0,0,0,0,0,0,0,2,3,2,0
0,463.999,3.7781,39.18,5,0,4,0,0,0,1,0,1,0,0,0,2,0,0,0,0,0,1,1,2,0,1,1,0,1,0,0,4,3,0,1
0,390.43838,0.107800000000004,84.06,8,0,6,0,0,0,1,0,1,0,0,0,0,0,0,0,0,1,0,1,0,0,0,0,2,0,0,0,0,3,0,0
0,413.47502,0.477300000000004,78.07,8,0,4,0,0,0,0,0,1,0,0,0,1,0,0,0,0,0,0,0,2,0,2,0,0,0,0,0,1,3,2,0
0,368.46932,3.7518,64.96,5,1,6,0,0,0,1,0,1,0,0,0,0,0,0,0,0,0,0,0,2,1,0,0,0,0,0,0,0,2,0,0
0,84.93258,1.4215,0,0,0,0,0,0,0,0,0,0,0,0,0,0,0,0,0,0,0,0,0,0,0,0,0,0,0,0,0,0,0,0,0
0,219.19346,-0.7964,81.95,5,2,2,0,0,1,0,2,0,0,0,0,0,0,0,0,0,0,0,0,1,1,1,0,1,0,0,0,0,2,2,0
0,444.4178832,-0.0969999999999964,95.5,10,1,5,0,0,0,1,1,0,0,0,0,0,1,0,0,0,0,0,0,2,0,3,0,0,0,1,0,0,3,0,0
0,460.57458,-0.633099999999993,90.1,9,2,5,0,0,0,0,0,1,0,1,0,2,0,0,0,0,0,0,0,1,0,2,0,0,0,0,0,1,4,2,1
0,398.4953,2.1059,63.19,6,1,7,0,0,1,2,0,0,0,1,0,1,0,0,0,0,0,1,0,1,1,1,0,0,1,0,0,3,3,2,0
0,717.27994,3.32030000000001,100.21,12,0,12,0,0,0,3,0,2,0,0,0,3,0,0,0,0,0,0,0,3,1,3,0,0,0,0,0,1,4,0,2
0,531.43092,2.2594,69.67,8,0,8,0,0,0,3,0,1,0,0,0,2,0,0,0,0,0,0,0,2,1,1,1,0,0,0,0,0,3,0,2
0,221.297,3.7334,12.03,1,1,0,0,0,0,0,0,0,0,1,0,0,0,0,0,0,0,0,0,2,0,0,1,0,0,0,0,1,3,2,0
0,369.32854,3.5233,35.5,3,1,6,0,0,0,0,0,1,0,0,0,1,0,0,0,0,0,1,1,1,0,0,0,0,0,0,0,1,2,0,0
0,432.4388296,1.6671,71,9,2,6,0,0,0,0,0,2,0,0,0,2,0,0,0,0,0,1,0,2,0,1,0,0,0,3,0,2,3,0,1
0,414.45978,0.127600000000006,106.84,8,2,8,0,0,0,1,0,1,0,1,0,1,0,1,0,0,0,0,0,2,0,2,0,0,0,0,0,0,4,0,1
0,461.50968,0.134800000000003,117.45,8,4,5,0,0,0,1,3,1,0,0,0,1,0,0,0,0,0,1,0,1,2,0,1,1,0,0,0,5,5,7,1
0,547.62052,0.0172000000000038,178.14,11,5,8,0,0,0,1,3,1,0,0,0,1,0,0,0,1,0,1,0,1,2,0,1,0,0,0,0,5,4,7,1
0,365.40086,2.1689,102.62,7,2,2,0,0,0,1,1,0,0,0,0,1,0,0,0,0,0,1,0,1,2,0,1,0,0,0,0,2,4,7,1
0,461.46178,-1.8514,152.31,10,5,3,1,0,0,3,4,0,0,0,0,1,0,0,0,0,0,1,0,1,2,0,1,0,0,0,0,2,5,7,1
0,461.46178,-1.8514,152.31,10,5,3,1,0,0,3,4,0,0,0,0,1,0,0,0,0,0,1,0,1,2,0,1,0,0,0,0,2,5,7,1
0,370.83276,0.546200000000002,68.79,6,2,4,0,0,0,1,0,1,0,2,0,0,0,0,0,0,0,0,0,1,0,1,0,0,1,0,0,0,3,0,0
0,401.4313632,-0.453799999999997,88.43,8,2,4,1,0,0,1,0,0,0,1,0,2,1,0,0,0,0,1,1,1,1,2,0,0,0,1,0,4,3,2,2
0,379.40914,1.0806,97.22,7,2,6,0,0,1,0,0,3,0,0,0,0,0,0,0,0,0,1,0,2,1,2,0,0,0,0,0,3,3,0,0
0,417.9124,3.5999,100.61,7,2,6,0,0,0,0,0,0,0,0,0,0,0,0,0,1,0,0,0,2,0,0,1,0,0,0,0,5,3,2,0
0,406.5189232,3.7834,39.33,5,1,5,0,0,0,0,0,0,0,1,0,1,0,0,0,0,0,0,0,2,0,2,0,0,0,1,0,1,2,0,1
0,387.17158,-1.6192,145.44,8,4,7,2,0,0,0,0,1,0,1,0,0,1,0,0,0,0,0,0,1,0,1,0,0,0,0,0,2,2,2,0
0,268.26584,-2.1655,139.2,7,6,7,1,0,0,0,2,1,1,0,0,0,0,0,0,0,0,0,0,1,2,0,1,0,0,0,0,2,1,0,0
0,386.23142,2.2706,76.55,5,2,6,0,0,0,0,0,2,0,0,0,0,0,0,0,0,0,0,0,2,0,2,0,1,0,0,0,0,3,0,0
0,415.44292,3.3057,128.45,8,1,4,0,0,0,0,0,1,0,0,0,0,0,0,0,2,0,0,0,2,0,2,0,1,0,0,0,0,3,0,0
0,417.54324,3.8563,47.97,5,1,9,0,0,0,1,0,1,0,0,0,2,0,0,0,0,0,0,0,3,1,1,0,0,0,0,0,2,4,2,1
0,457.4913496,2.3779,76.79,9,1,11,0,0,0,0,0,1,0,0,0,2,0,1,0,0,0,0,0,1,0,1,0,1,0,3,0,2,3,0,1
0,481.5127496,2.7664,76.79,9,1,9,0,0,0,0,0,1,0,0,0,2,0,1,0,0,0,0,0,2,0,2,0,1,0,3,0,2,4,2,1
0,471.5146296,4.445,56.76,8,1,9,0,0,0,1,0,1,0,0,0,1,0,0,0,0,0,1,0,2,1,1,1,1,0,3,0,4,4,2,0
0,398.36976,3.2481,38.74,4,1,6,0,0,0,0,0,1,0,0,0,2,0,0,0,0,1,0,0,1,0,1,0,0,0,0,0,1,3,0,1
0,434.42346,4.2052,58.97,5,1,6,0,0,0,0,0,0,0,0,0,2,0,0,0,1,1,0,0,1,0,1,0,0,0,0,0,1,3,0,1
0,412.39634,3.6382,38.74,4,1,7,0,0,0,0,0,1,0,0,0,2,0,0,0,0,1,0,0,1,0,1,0,0,0,0,0,2,3,0,1
0,521.5982096,3.866,97.02,10,1,8,0,0,0,0,0,0,0,0,0,2,0,1,0,1,1,0,0,1,0,1,0,1,0,3,0,1,4,0,1
0,397.81834,-1.87749999999999,99.96,9,1,5,0,0,0,0,0,0,0,1,0,1,0,0,0,0,0,0,0,1,0,0,0,0,0,0,0,0,2,0,0
0,941.1322,3.38740000000002,154.96,16,0,10,0,0,0,0,0,4,0,0,0,2,0,0,0,0,0,0,0,4,0,6,0,0,0,0,0,6,7,4,2
0,455.4324096,2.6315,80.82,10,1,7,0,0,0,1,0,2,0,0,0,0,0,0,0,0,0,1,0,1,1,0,0,1,0,3,0,2,4,0,0
0,296.319,-1.3853,139.2,7,6,9,1,0,0,0,2,1,1,0,0,0,0,0,0,0,0,0,0,1,2,0,1,0,0,0,0,4,1,0,0
0,476.56408,1.9757,85.63,7,2,7,0,0,0,2,2,1,0,0,0,1,0,0,0,0,1,1,0,1,2,0,1,0,0,0,0,4,4,7,1
0,562.70628,-0.31239999999999,124.76,11,3,10,0,0,0,1,0,1,0,1,0,3,0,0,0,0,0,1,1,1,0,2,0,0,0,0,0,4,4,0,1
0,495.01634,1.5145,86.27,8,1,9,0,0,0,0,0,2,0,0,0,2,0,0,0,0,0,0,0,1,0,2,0,1,0,0,0,3,2,0,1
0,193.2423,1.639,55.48,3,2,5,0,0,1,0,0,0,1,0,0,0,0,0,0,0,0,0,0,1,0,1,0,0,0,0,0,2,1,0,0
0,213.2966,3.3744,52.49,3,1,5,0,0,0,0,0,0,0,0,0,0,0,0,0,1,0,0,0,1,0,0,0,0,0,0,0,2,1,0,0
0,261.2732,0.3739,81.95,5,2,5,0,0,1,0,2,0,0,0,0,0,0,0,0,0,0,0,0,1,1,1,0,1,0,0,0,2,2,2,0
0,477.60018,1.2975,172.04,9,7,13,0,0,0,1,0,1,1,1,0,0,0,0,0,1,0,0,0,2,1,1,0,0,0,0,0,2,2,0,0
0,624.76576,5.39220000000001,72.86,8,1,10,0,0,0,5,1,0,0,0,0,2,0,0,0,0,0,0,0,4,6,0,2,0,0,0,0,4,6,4,2
0,320.3883,1.427,73.55,5,3,3,0,0,0,0,0,0,0,1,0,0,0,0,0,0,0,1,0,1,0,1,1,0,0,0,0,2,3,0,0
0,128.2551,3.7569,0,0,0,6,0,0,0,0,0,0,0,0,0,0,0,0,0,0,0,0,0,0,0,0,0,0,0,0,0,7,0,0,0
0,413.5497,2.8753,70.95,5,3,2,0,0,0,2,2,0,0,1,0,0,0,0,0,0,3,1,0,1,2,0,1,0,0,0,0,2,6,17,0
0,589.67382,0.0179000000000039,170.33,11,6,5,1,0,0,4,4,0,0,1,0,0,0,0,0,0,3,1,0,1,2,0,1,0,0,0,0,2,7,17,0
0,304.83758,3.4844,15.27,2,1,4,0,0,0,0,0,0,0,1,0,1,0,0,0,0,0,0,0,2,0,1,0,0,0,0,0,1,2,0,1
0,270.71364,2.2226,44.29,3,1,1,0,0,0,0,0,1,0,0,0,0,0,0,0,0,0,0,0,2,0,1,0,0,0,0,0,0,2,0,0
0,273.32696,1.3195,50.72,4,2,1,0,0,0,2,1,0,0,1,0,0,0,0,0,0,0,0,0,1,2,0,0,0,0,0,0,2,2,0,0
0,148.20498,0.738,24.06,2,1,1,0,0,0,0,0,0,0,1,0,0,0,0,0,0,0,0,1,0,0,0,0,1,0,0,0,2,1,0,0
0,287.31048,-0.221300000000001,81.95,5,3,0,0,0,0,1,2,0,0,1,0,0,1,0,0,0,1,1,0,1,2,0,1,0,0,0,0,2,4,7,0
0,440.57504,4.0076,74.97,6,1,14,0,0,0,4,0,0,0,1,0,0,0,1,0,0,0,0,0,2,4,0,2,0,0,0,0,3,2,0,0
0,933.1273,-0.336999999999993,298.14,18,12,13,0,0,0,6,12,0,0,0,0,0,0,0,0,0,3,0,0,0,0,0,0,0,0,0,0,2,6,4,0
0,295.37554,3.1829,21.7,3,0,2,0,0,0,2,0,0,0,0,0,1,0,0,0,0,0,0,0,2,2,0,1,0,0,0,0,2,4,7,1
0,114.22852,3.3668,0,0,0,5,0,0,0,0,0,0,0,0,0,0,0,0,0,0,0,0,0,0,0,0,0,0,0,0,0,6,0,0,0
0,398.84616,-0.539899999999996,117.84,8,3,8,0,0,0,0,1,1,0,0,0,0,0,1,0,0,0,0,0,1,0,0,0,0,0,0,0,0,1,0,0
0,505.4959864,2.9294,109.84,10,1,6,0,0,0,1,0,0,0,0,0,0,0,0,0,1,0,0,0,2,0,1,1,2,0,2,0,0,5,2,0
0,855.017,0.931500000000006,235.68,16,8,6,0,0,0,8,8,0,0,0,0,0,0,0,0,0,2,0,0,0,0,0,0,0,0,0,0,3,7,4,0
0,855.017,0.933100000000005,235.68,16,8,7,0,0,0,8,8,0,0,0,0,0,0,0,0,0,2,0,0,0,0,0,0,0,0,0,0,3,7,4,0
0,375.46526,-1.0197,94.47,8,1,6,0,0,0,0,1,1,0,0,0,2,0,0,0,0,0,0,0,0,0,0,0,0,0,0,0,3,3,0,0
0,271.74146,3.1871,21.26,2,1,0,0,0,0,1,0,0,0,1,0,0,0,0,0,0,0,0,1,2,1,0,1,0,0,0,0,0,2,0,0
0,281.34896,2.7208,41.49,3,2,0,0,0,0,1,1,0,0,1,0,0,0,0,0,0,0,1,0,2,1,0,1,0,0,0,0,1,3,0,0
0,295.37554,3.063,32.7,3,1,0,0,0,0,1,1,0,0,0,0,1,0,0,0,0,0,1,0,2,1,0,1,0,0,0,0,1,3,0,1
0,285.76804,3.5293,12.47,2,0,0,0,0,0,1,0,0,0,0,0,1,0,0,0,0,0,0,1,2,1,0,1,0,0,0,0,0,2,0,1
0,265.6626496,1.3445,27.3,6,1,1,0,0,0,0,0,0,0,1,0,1,0,0,0,0,0,0,0,0,0,0,0,1,0,3,0,0,2,0,0
0,264.32174,3.3824,47.28,3,2,4,0,0,0,0,0,0,1,0,0,0,0,0,0,0,0,0,0,2,1,0,0,0,0,0,0,1,2,0,0
0,396.83028,-0.539899999999996,117.84,8,2,8,0,0,0,0,0,1,0,0,0,0,1,1,0,0,0,0,0,1,0,0,0,0,0,0,0,0,1,0,0
0,487.42142,2.1401,79.79,6,2,6,0,0,0,0,1,0,0,1,0,1,1,0,0,0,1,0,0,1,1,0,0,1,0,0,0,0,4,2,0
0,106.165,2.8326,0,0,0,0,0,0,0,0,0,0,0,0,0,0,0,0,0,0,0,0,0,1,0,0,0,0,0,0,0,0,1,0,0
0,301.33706,0.120899999999999,73.16,5,2,0,0,0,0,1,2,0,0,0,0,1,1,0,0,0,1,1,0,1,2,0,1,0,0,0,0,2,4,7,1
0,472.57868,3.0942,67.02,7,1,4,0,0,0,3,0,0,0,1,0,1,0,0,0,0,0,0,1,2,1,1,0,0,0,0,0,2,3,0,0
0,480.46182,-1.2992,167.53,11,5,7,1,0,1,4,4,0,0,0,0,0,0,0,0,0,2,0,0,1,0,0,0,0,0,0,0,0,5,7,0
0,406.42788,3.1323,77.38,6,1,6,0,0,1,3,1,0,0,0,0,0,0,0,0,0,0,0,0,3,4,0,0,0,0,0,0,0,4,4,0
0,186.25296,-1.1642,8.88,2,0,1,0,0,0,0,0,0,0,0,0,2,0,0,0,0,0,0,0,0,0,0,0,0,0,0,0,0,2,0,0
0,482.1930396,0.9178,93.98,9,4,8,0,0,0,0,2,0,0,1,0,0,0,0,0,0,0,0,0,2,0,1,0,0,0,3,0,0,2,0,0
0,406.4494232,3.4521,98.74,6,4,8,1,0,0,0,0,1,1,0,0,0,0,0,0,0,0,0,0,3,0,1,1,0,0,1,1,1,3,0,0
0,368.46932,2.9699,98.74,5,4,9,1,0,0,0,0,1,1,0,0,0,0,0,0,0,0,0,0,2,0,1,2,0,0,0,1,2,2,0,0
0,392.44766,2.3488,107.97,6,4,8,1,0,0,1,0,1,1,0,0,0,0,0,0,0,0,0,0,3,1,1,2,0,0,0,1,1,3,2,0
0,523.45682,3.299,74.83,7,1,8,0,0,0,0,0,1,0,0,0,2,0,0,0,0,0,1,0,2,0,1,0,0,0,0,0,5,4,0,1
0,408.89904,3.3715,96.19,6,2,6,1,0,0,0,0,0,0,1,0,0,0,0,0,1,0,0,0,2,0,1,0,0,0,0,0,3,2,0,0
0,514.0834008,4.9418,40.46,21,1,8,1,0,0,0,0,0,0,0,0,0,0,0,0,0,0,0,0,0,0,0,0,0,0,19,0,0,0,0,0
0,369.4541632,2.9147,76.99,7,1,6,0,0,0,0,0,0,0,0,0,1,0,0,0,1,0,0,1,1,0,1,0,0,0,1,0,3,1,0,1
0,426.5054832,1.8211,109.25,9,2,8,0,0,0,0,0,1,0,0,0,1,0,0,0,1,0,0,1,1,0,1,0,0,0,1,0,2,1,0,1
0,376.8555832,1.0211,41.98,6,0,6,0,0,0,0,0,1,0,0,0,2,0,0,0,0,0,1,1,1,0,0,0,0,0,1,0,0,2,0,0
0,381.42172,2.951,80.18,6,1,9,1,0,0,3,0,0,0,0,0,0,0,0,0,0,0,0,0,2,1,0,0,0,0,0,0,2,2,0,0
0,414.3870896,-0.562799999999995,69.87,11,0,3,0,0,0,0,0,0,0,0,0,1,0,0,0,0,0,0,0,0,0,0,0,1,0,3,0,1,2,0,0
0,243.3871,4.75550000000001,3.24,1,0,2,0,0,0,0,0,0,0,0,0,1,0,0,0,0,1,1,0,1,0,0,0,0,0,0,0,3,3,0,1
0,357.4616232,4.56980000000001,32.7,4,1,6,0,0,0,1,1,0,0,0,0,1,0,0,0,0,0,0,0,2,2,0,0,0,0,1,0,2,2,0,1
0,221.022102,0.1192,69.72,4,3,5,0,0,0,0,0,0,0,0,0,0,0,0,0,0,0,0,0,0,0,0,0,0,0,0,0,0,0,0,0
0,431.2007732,-0.490499999999999,96.78,7,4,7,0,0,0,0,2,1,0,1,0,0,0,0,0,0,0,0,0,1,0,1,0,0,0,1,0,0,2,0,0
0,491.3422432,2.1393,78.02,8,1,7,0,0,0,2,0,1,0,1,0,0,0,0,0,0,0,1,0,2,2,2,0,0,0,1,0,2,4,2,0
0,533.6004832,-0.231999999999993,128.94,12,3,9,0,0,0,1,0,1,0,1,0,0,0,0,0,0,1,0,0,0,0,0,0,1,0,1,0,0,3,0,0
0,314.4617,4.387,40.46,2,0,1,0,0,0,0,0,0,0,0,0,0,2,0,0,0,2,0,0,0,0,0,0,0,0,0,0,2,3,4,0
0,42.07974,1.4163,0,0,0,0,0,0,0,0,0,0,0,0,0,0,0,0,0,0,0,0,0,0,0,0,0,0,0,0,0,0,0,0,0
0,179.21572,1.2489,55.48,3,2,4,0,0,1,0,0,0,1,0,0,0,0,0,0,0,0,0,0,1,0,1,0,0,0,0,0,1,1,0,0
0,155.28044,2.5647,12.03,1,1,3,0,0,0,0,0,0,0,1,0,0,0,0,0,0,1,0,0,0,0,0,0,0,0,0,0,1,1,0,0
0,154.12014,-1.181,80.92,4,3,1,1,0,0,0,2,0,0,0,0,0,0,0,0,0,0,0,0,1,2,0,0,0,0,0,0,0,1,0,0
0,416.3781,-1.8571,160.07,9,6,3,0,0,0,2,6,0,0,0,0,0,1,0,0,0,0,0,0,2,3,0,0,0,0,0,0,0,4,2,0
0,296.3669,0.579500000000002,48.56,5,1,4,0,0,0,1,0,0,0,1,0,1,0,0,0,0,0,0,2,1,0,0,0,0,0,0,0,0,2,0,0
0,321.33,0.854300000000001,65.99,6,1,3,0,0,0,2,0,1,0,1,0,0,0,0,0,0,0,0,0,2,2,2,0,0,0,0,0,0,3,2,0
0,407.41924,0.031300000000003,122.65,8,2,5,0,0,0,1,0,1,0,0,0,1,1,0,0,0,0,0,0,2,1,1,0,0,0,0,0,2,3,2,1
0,302.2357,-1.8707,130.61,7,5,1,0,0,0,1,5,0,0,0,0,0,1,0,0,0,0,0,0,2,5,0,0,0,0,0,0,0,3,2,0
0,399.9568,4.0181,36.53,4,1,9,0,0,0,1,0,0,0,1,0,1,0,0,0,0,0,0,0,1,1,1,0,0,0,0,0,2,3,4,0
0,376.1887,-1.0579,136.4,7,5,5,2,0,0,1,1,0,3,0,0,0,0,0,0,0,1,0,0,1,0,0,0,0,0,0,0,0,2,0,0
0,353.3503432,-0.260999999999996,117.59,8,3,5,0,0,0,1,0,1,0,0,0,0,0,1,0,0,0,0,0,1,0,1,0,1,0,1,0,1,3,0,0
0,383.3515064,0.0771000000000033,117.59,9,3,6,0,0,0,1,0,1,0,0,0,0,0,1,0,0,0,0,0,1,0,1,0,1,0,2,0,0,3,0,0
0,395.3870232,-0.245999999999996,126.82,9,3,7,0,0,0,2,0,1,0,0,0,0,0,1,0,0,0,0,0,1,0,1,0,1,0,1,0,0,3,0,0
0,347.2369,0.9893,64.96,5,2,6,0,0,0,1,1,1,0,0,0,1,0,0,0,0,0,0,1,1,2,0,0,0,0,0,0,2,1,0,0
0,597.89124,6.71980000000001,62.16,6,0,9,0,0,2,0,0,0,0,0,1,1,0,0,0,0,3,2,0,0,0,0,0,0,0,0,0,7,5,4,0
0,355.3662232,-0.120099999999998,80.82,8,2,0,0,0,0,1,0,1,0,1,0,0,0,0,0,0,0,0,0,1,1,0,0,0,0,1,0,0,2,0,0
0,228.24328,1.8396,60.69,3,3,3,0,0,0,0,3,0,0,0,0,0,0,0,0,0,0,0,0,2,3,0,0,0,0,0,0,0,2,0,0
0,451.4901,1.6661,129.87,9,2,12,1,0,0,4,0,0,0,1,0,0,0,0,0,1,0,0,0,2,4,1,0,0,0,0,0,0,2,0,0
0,463.78734,4.0537,50.77,5,1,5,0,0,0,0,0,0,0,0,0,0,0,0,0,0,0,1,0,2,0,1,0,0,0,0,0,3,3,0,0
0,458.55378,1.7098,118.04,8,2,6,0,0,0,1,1,0,0,1,0,0,0,0,0,1,0,0,0,2,1,3,0,0,0,0,0,0,3,2,0
0,477.5687064,5.02000000000001,38.74,6,0,6,0,0,0,0,0,1,0,0,0,1,0,0,0,0,0,1,0,2,0,0,0,0,0,2,0,3,4,0,0
0,319.37878,-0.142299999999999,68.2,6,0,2,0,0,1,0,0,1,0,0,0,1,0,0,0,0,0,0,0,0,0,0,0,0,0,0,0,0,0,0,0
0,284.35136,-0.0952999999999984,107.97,6,4,7,1,0,0,1,0,1,1,0,0,0,0,0,0,0,0,0,0,0,0,0,0,0,0,0,0,3,1,0,0
0,421.4475,2.4519,126.68,9,1,7,0,0,0,2,0,0,0,0,0,0,0,0,0,1,0,0,0,2,2,1,0,0,0,0,0,0,2,0,0
0,394.48998,4.0576,79.79,6,1,5,0,0,0,0,0,0,0,0,0,1,0,0,0,1,0,0,1,2,0,1,0,0,0,0,0,2,3,0,1
0,408.51656,4.4477,79.79,6,1,5,0,0,0,0,0,0,0,0,0,1,0,0,0,1,0,1,0,2,0,1,0,0,0,0,0,3,4,0,1
0,410.48938,3.294,89.02,7,1,5,0,0,0,1,0,0,0,0,0,1,0,0,0,1,0,0,0,2,0,1,0,0,0,0,0,0,4,0,1
0,355.41088,3.6082,85.78,6,1,5,0,0,0,1,0,0,0,0,0,0,0,0,0,1,0,0,0,2,1,0,0,0,0,0,0,0,3,0,0
0,555.5515296,0.667800000000005,116.32,13,3,10,0,0,0,1,0,2,0,2,0,1,0,0,0,0,0,0,0,2,1,4,0,0,0,3,0,0,4,0,1
0,360.31484,-0.7852,150.84,8,5,8,1,0,1,0,4,0,0,0,0,0,0,0,0,0,0,0,0,2,4,0,0,0,0,0,0,1,2,0,0
0,459.57992,3.7588,79.98,6,2,11,0,0,0,2,0,1,1,0,0,0,0,0,0,0,0,0,0,2,0,1,0,1,0,0,0,1,3,0,0
0,274.53374,1.9335,27.3,3,0,3,0,0,0,0,0,0,0,0,0,0,0,0,0,0,0,0,0,1,0,0,1,0,0,0,0,0,1,0,0
0,138.12074,-0.1518,60.69,3,2,1,1,0,0,0,1,0,0,0,0,0,0,0,0,0,0,0,0,1,1,0,0,0,0,0,0,0,1,0,0
0,195.17206,-1.2438,92.95,5,3,4,1,0,0,0,1,1,0,0,0,0,0,0,0,0,0,0,0,1,1,0,0,0,0,0,0,0,1,0,0
0,494.44688,-0.256999999999999,191.3,10,7,11,1,0,1,0,6,0,0,0,0,0,0,0,0,0,0,0,0,3,6,0,0,0,0,0,0,1,3,0,0
0,432.46362,1.2381,117.84,8,0,5,0,0,3,1,0,0,0,0,0,0,1,0,0,0,2,0,0,0,0,0,0,0,0,0,0,1,3,4,0
0,562.5029632,4.0204,96.78,7,4,5,0,0,0,0,1,2,0,1,0,0,0,0,0,0,1,0,1,2,0,1,1,0,1,1,0,1,3,0,0
0,440.49046,3.6763,93.98,6,2,9,1,0,0,1,0,1,0,0,0,0,0,0,0,0,0,0,0,3,0,1,1,0,0,0,0,1,4,2,0
0,319.31742,-0.820499999999997,89.61,7,2,4,0,0,0,1,0,2,0,0,0,0,0,0,0,0,0,0,0,1,1,2,0,1,0,0,0,0,3,2,0
0,356.3692264,1.5195,59.56,7,2,5,0,0,0,0,0,2,0,0,0,1,0,0,0,0,0,0,0,2,0,3,0,1,0,2,0,0,3,2,1
0,482.8450696,-0.207399999999993,87.49,10,1,4,0,0,0,0,0,0,0,1,0,0,0,0,0,0,0,0,0,1,0,1,0,1,0,3,0,0,5,4,0
0,354.44934,0.285100000000004,83.62,7,3,8,0,0,0,0,1,0,0,2,0,1,0,0,0,0,0,0,0,1,0,0,0,0,0,0,0,1,2,0,0
0,380.4187432,-0.0607999999999956,74.83,8,1,0,0,0,0,0,0,1,0,0,0,1,0,0,0,0,0,0,1,0,0,0,0,1,0,1,0,4,2,0,0
0,525.60154,-0.0175999999999922,110.52,10,1,9,0,0,0,2,1,0,0,0,0,2,0,1,0,0,0,1,0,0,0,0,0,2,0,0,0,1,5,5,0
0,457.6814032,0.287600000000001,89.02,8,3,7,0,0,0,0,1,0,0,1,0,1,0,0,0,0,0,0,0,2,0,3,0,0,0,1,0,0,2,0,1
0,176.21508,0.0842000000000001,58.28,3,4,2,0,0,0,0,1,0,0,1,0,0,0,0,0,0,0,0,0,1,1,1,1,0,1,0,0,1,1,0,0
0,448.58042,2.826,68.79,6,2,10,0,0,0,1,0,1,0,1,0,1,0,0,0,0,0,0,0,2,0,0,0,0,0,0,0,1,3,2,0
0,380.43696,1.5174,96.19,6,3,7,1,0,0,0,1,1,0,0,0,1,0,0,0,0,0,0,0,2,1,2,1,0,1,0,0,1,2,0,1
0,380.43696,1.6599,96.19,6,3,7,1,0,0,0,1,1,0,0,0,1,0,0,0,0,0,0,0,2,1,2,1,0,1,0,0,1,2,0,1
0,90.14744,-0.4496,52.04,2,3,1,0,0,0,0,0,0,0,0,0,0,0,0,0,0,0,0,0,0,0,0,0,0,0,0,0,0,0,0,0
0,341.44398,3.4149,61.72,4,2,7,0,0,0,1,1,1,0,0,0,0,0,0,0,0,0,0,0,2,2,0,0,0,0,0,0,1,2,0,0
0,328.40216,3.1878,69.92,4,2,6,1,0,0,1,1,0,0,0,0,0,0,0,0,0,0,0,0,2,2,0,0,0,0,0,0,1,2,0,0
0,560.5944064,1.3921,106.5,11,1,6,0,0,0,0,1,3,0,0,0,1,0,0,0,0,0,0,0,1,1,0,0,1,0,2,0,0,5,2,0
0,395.4698432,3.0042,58.97,6,1,6,0,0,0,0,0,1,0,0,0,2,1,0,0,0,0,1,0,2,0,1,0,0,0,1,0,4,3,0,1
0,456.54106,3.0632,63.39,6,1,6,0,0,0,0,0,0,0,1,0,1,0,0,0,0,0,0,0,2,0,1,1,1,0,0,0,0,5,2,0
0,342.29648,-5.39559999999999,189.53,11,8,5,0,0,0,3,8,0,0,0,0,0,0,0,0,0,0,0,0,0,0,0,0,0,0,0,0,0,1,0,0
0,402.57334,4.8909,46.94,4,0,4,0,0,0,0,0,0,0,0,0,2,0,0,0,1,0,1,0,2,0,1,0,0,0,0,0,4,3,0,1
0,398.39256,0.586900000000003,149.27,9,3,7,1,0,0,0,1,0,0,0,0,0,0,0,0,1,0,0,0,2,1,2,0,1,0,0,0,0,3,0,0
0,322.36112,-0.232299999999995,74.57,6,1,7,0,0,0,0,0,2,0,0,0,0,0,0,0,0,0,0,0,2,0,1,1,0,0,0,0,1,2,0,0
0,198.1727,-0.902,79.15,5,2,3,1,0,0,2,1,0,0,0,0,0,0,0,0,0,0,0,0,1,3,0,0,0,0,0,0,0,1,0,0
0,424.55418,3.7824,94.42,7,1,8,0,0,1,1,0,1,0,0,0,0,0,0,0,1,1,1,0,1,0,0,0,0,0,0,0,2,3,0,0
0,382.45438,4.3413,64.52,4,2,6,0,0,0,0,1,1,0,0,0,0,0,0,0,0,0,0,0,3,0,1,1,0,0,0,0,1,4,2,0
0,311.4842,5.63690000000001,12.03,1,1,5,0,0,0,0,0,0,0,1,0,0,0,0,0,0,0,0,0,2,0,0,0,0,0,0,0,2,2,0,0
0,360.31848,4.62860000000001,32.7,3,0,10,0,0,1,0,0,0,0,0,0,1,0,0,0,0,0,0,0,1,0,1,0,0,0,0,0,3,1,0,1
0,134.21816,3.6128,0,0,0,0,0,0,0,0,0,0,0,0,0,0,0,0,0,0,0,0,0,1,0,0,0,0,0,0,0,0,1,0,0
0,140.2658,3.6128,0,0,0,0,0,0,0,0,0,0,0,0,0,0,0,0,0,0,1,0,0,0,0,0,0,0,0,0,0,0,1,0,0
0,450.3177052,-1.9732,153.98,13,2,6,0,0,1,0,0,1,0,0,0,0,0,0,0,0,0,0,0,1,0,1,1,1,0,1,0,0,2,0,0
0,442.35216,1.697,80.38,6,2,8,0,0,0,0,0,1,0,1,0,0,0,0,0,0,0,0,0,0,0,0,0,2,0,0,0,4,3,0,0
0,491.3853032,2.5343,57.79,7,1,6,0,0,0,2,0,0,0,1,0,1,0,0,0,0,0,0,1,2,2,2,0,0,0,1,0,0,3,2,0
0,355.4275,2.5768,40.16,5,0,4,0,0,0,4,0,0,0,0,0,1,0,0,0,0,0,0,0,2,4,0,1,0,0,0,0,2,4,6,1
0,491.5820232,3.433,120.84,9,3,11,0,0,0,0,0,1,0,1,0,0,0,0,0,1,0,0,0,2,0,1,0,0,0,1,0,1,2,0,0
0,180.16402,-2.6971,71,6,1,0,0,0,0,0,0,2,0,1,0,0,0,0,0,0,0,0,0,0,0,0,0,0,0,0,0,0,1,0,0
0,248.29934,-1.9765,93.98,6,4,3,0,0,0,1,3,0,0,1,0,0,0,0,0,0,0,0,0,0,0,0,0,0,0,0,0,0,1,0,0
0,312.44582,4.387,40.46,2,1,1,0,0,0,0,1,0,0,0,0,0,1,0,0,0,1,0,0,0,0,0,0,0,0,0,0,4,3,4,0
0,313.7799,-0.368999999999998,88.77,6,4,5,0,0,0,2,0,1,1,1,0,0,0,0,0,0,0,1,0,1,1,1,0,0,0,0,0,1,2,0,0
0,312.41764,-2.9028,138.21,8,6,11,0,0,0,0,0,0,0,3,0,0,0,1,0,0,0,0,0,0,0,0,0,0,0,0,0,0,0,0,0
0,92.13842,2.5866,0,0,0,0,0,0,0,0,0,0,0,0,0,0,0,0,0,0,0,0,0,1,0,0,0,0,0,0,0,0,1,0,0
0,395.47808,-1.21999999999999,84.06,8,2,4,0,0,0,1,0,1,0,1,0,2,0,0,0,0,0,0,1,0,0,0,0,0,0,0,0,2,3,0,0
0,181.18854,-0.4344,86.71,4,4,3,1,0,0,0,1,0,1,0,0,0,0,0,0,0,0,0,0,1,1,0,1,0,0,0,1,1,1,0,0
0,230.09386,0.8197,36.09,3,2,2,0,0,0,0,0,0,0,2,0,0,0,0,0,0,0,0,0,1,0,1,0,0,0,0,0,0,1,0,0
0,209.67538,0.8484,36.09,3,2,2,0,0,0,0,0,0,0,2,0,0,0,0,0,0,0,0,0,1,0,1,0,0,0,0,0,0,1,0,0
0,209.67538,0.8484,36.09,3,2,2,0,0,0,0,0,0,0,2,0,0,0,0,0,0,0,0,0,1,0,1,0,0,0,0,0,0,1,0,0
0,189.2569,0.8771,36.09,3,2,2,0,0,0,0,0,0,0,2,0,0,0,0,0,0,0,0,0,1,0,1,0,0,0,0,0,0,1,0,0
0,161.20374,0.3851,36.09,3,2,2,0,0,0,0,0,0,0,2,0,0,0,0,0,0,0,0,0,1,0,1,0,0,0,0,0,0,1,0,0
0,175.23032,0.6311,36.09,3,2,2,0,0,0,0,0,0,0,2,0,0,0,0,0,0,0,0,0,1,0,1,0,0,0,0,0,0,1,0,0
0,264.53892,1.037,36.09,3,2,2,0,0,0,0,0,0,0,2,0,0,0,0,0,0,0,0,0,1,0,1,0,0,0,0,0,0,1,0,0
0,397.89192,1.5053,36.09,3,2,2,0,0,0,0,0,0,0,2,0,0,0,0,0,0,0,0,0,1,0,1,0,0,0,0,0,0,1,0,0
0,318.99586,1.1319,36.09,3,2,2,0,0,0,0,0,0,0,2,0,0,0,0,0,0,0,0,0,1,0,1,0,0,0,0,0,0,1,0,0
0,308.98992,1.1931,36.09,3,2,2,0,0,0,0,0,0,0,2,0,0,0,0,0,0,0,0,0,1,0,1,0,0,0,0,0,0,1,0,0
0,197.1846664,0.2811,36.09,5,2,2,0,0,0,0,0,0,0,2,0,0,0,0,0,0,0,0,0,1,0,1,0,0,0,2,0,0,1,0,0
0,320.3090096,2.2966,35.5,6,0,3,0,0,0,0,0,1,0,0,0,0,0,0,0,0,0,0,1,1,0,0,1,1,0,3,0,1,2,0,0
0,368.19314,-0.87,128.45,8,3,4,0,0,0,0,1,2,0,0,0,0,0,0,0,1,0,0,0,1,0,3,0,0,0,0,0,0,2,2,0
0,349.3799432,-0.600799999999998,79.2,7,2,2,1,0,0,0,0,0,0,1,0,2,1,0,0,0,0,0,0,1,0,2,0,0,0,1,0,0,3,2,2
0,354.39968,1.8143,107.97,6,4,6,0,0,1,0,1,1,0,0,0,0,0,0,0,0,1,0,0,2,2,0,0,0,0,0,0,0,3,0,0
0,513.4717896,-0.0753999999999925,147.89,13,5,6,0,0,0,1,0,3,0,0,0,0,0,0,0,0,0,0,0,2,1,3,0,0,0,3,0,0,4,2,0
0,329.2793096,1.0447,60.15,8,2,2,0,0,0,0,0,0,0,1,0,0,0,0,0,0,0,0,0,1,0,1,1,0,0,3,0,0,3,2,0
0,143.22668,1.3358,46.25,2,2,4,0,0,0,0,0,0,0,0,0,0,0,0,0,0,0,0,0,0,0,0,0,0,0,0,0,2,0,0,0
0,143.22668,1.4799,46.25,2,2,5,0,0,0,0,0,0,0,0,0,0,0,0,0,0,0,0,0,0,0,0,0,0,0,0,0,4,0,0,0
0,426.3795464,-2.05379999999999,144.89,12,5,6,0,0,1,0,0,1,0,0,0,0,0,0,0,0,0,0,0,1,0,0,0,1,0,2,0,0,3,0,0
0,279.33638,2.2995,36.53,4,0,3,0,0,0,1,0,0,0,0,0,1,0,0,0,0,0,0,0,2,1,2,0,0,0,0,0,0,3,2,1
0,341.42736,1.5025,79.54,5,3,5,0,0,0,1,0,1,1,0,0,0,0,0,0,0,0,0,0,1,1,0,0,0,0,0,0,0,2,0,0
0,411.4692432,1.731,82.19,7,2,4,0,0,0,1,0,0,0,0,0,2,1,0,0,0,0,0,0,2,0,1,0,0,0,1,0,0,4,2,2
0,326.3250032,0.363800000000002,82.78,7,2,5,0,0,0,1,0,0,0,0,0,0,0,0,0,0,0,0,0,1,0,0,0,1,0,1,0,0,2,0,0
0,338.3787632,1.5911,48.56,6,0,3,0,0,0,1,0,0,0,0,0,1,0,0,0,0,0,1,0,1,0,1,0,1,0,1,0,2,4,2,1
0,430.50224,0.153800000000005,84.06,8,1,6,0,0,0,1,0,1,0,0,0,1,0,0,0,0,0,0,0,0,0,0,0,1,1,0,0,3,3,0,0
0,453.4893032,1.5954,140.03,9,3,6,0,0,0,0,0,1,0,0,0,1,0,1,0,1,0,1,0,2,0,2,0,1,0,1,0,2,4,2,1
0,444.5007032,2.2073,73.99,7,0,5,0,0,0,1,0,1,0,0,0,1,0,1,0,0,0,1,0,2,1,1,1,1,0,1,0,3,5,4,1
0,339.3602232,3.8043,41.93,5,0,6,0,0,0,2,0,1,0,0,0,0,0,0,0,0,0,0,0,2,1,1,0,0,0,1,0,0,3,0,0
0,422.778396,5.79630000000001,15.27,7,0,3,0,0,0,0,0,0,0,0,0,0,0,0,0,0,0,0,0,2,0,0,0,0,0,5,0,0,3,0,0
0,422.56306,2.8619,51.21,6,0,8,0,0,0,1,0,1,0,0,0,2,0,0,0,0,1,0,0,1,1,1,0,1,0,0,0,0,4,0,1
0,428.43186,0.498800000000001,117.84,8,0,4,0,0,2,2,0,0,0,0,0,0,2,0,0,0,0,0,0,0,0,0,0,0,0,0,0,1,3,4,0
0,251.2966232,1.9082,30.49,4,1,3,0,0,0,2,0,0,0,1,0,0,0,0,0,0,0,0,0,1,1,0,0,0,0,1,0,3,2,0,0
0,385.41702,-1.59229999999999,121.28,9,4,6,0,0,0,1,3,0,0,1,0,1,0,0,0,0,0,0,0,1,0,0,0,0,0,0,0,1,2,0,0
0,417.4125464,-0.908399999999994,76.3,11,0,4,0,0,0,2,0,0,0,0,0,3,0,0,0,0,0,0,0,1,0,2,0,0,0,2,0,0,4,0,1
